,UserID,ItemID,Rating
5400,541,30,1
5401,541,155,2
5402,541,197,4
5403,541,306,2
5404,541,354,3
5405,541,362,1
5406,541,439,1
5407,541,685,2
5408,541,700,1
5409,541,998,2
5410,542,68,1
5411,542,96,2
5412,542,151,4
5413,542,356,1
5414,542,385,1
5415,542,529,4
5416,542,637,1
5417,542,706,1
5418,542,810,1
5419,542,906,1
5420,543,7,3
5421,543,329,3
5422,543,431,2
5423,543,495,2
5424,543,501,1
5425,543,516,1
5426,543,625,1
5427,543,641,2
5428,543,660,3
5429,543,879,3
5430,544,106,1
5431,544,250,1
5432,544,251,1
5433,544,315,3
5434,544,385,1
5435,544,431,2
5436,544,637,1
5437,544,836,1
5438,544,890,2
5439,544,926,1
5440,545,265,1
5441,545,338,1
5442,545,403,1
5443,545,416,1
5444,545,425,1
5445,545,438,3
5446,545,499,2
5447,545,651,1
5448,545,778,2
5449,545,985,1
5450,546,117,1
5451,546,143,1
5452,546,345,1
5453,546,493,1
5454,546,601,1
5455,546,620,1
5456,546,747,2
5457,546,772,1
5458,546,801,1
5459,546,907,1
5460,547,6,1
5461,547,145,1
5462,547,196,1
5463,547,422,1
5464,547,579,1
5465,547,777,1
5466,547,840,1
5467,547,844,1
5468,547,862,1
5469,547,931,1
5470,548,3,2
5471,548,41,3
5472,548,90,3
5473,548,166,2
5474,548,230,4
5475,548,342,3
5476,548,461,4
5477,548,612,3
5478,548,671,2
5479,548,899,3
5480,549,49,2
5481,549,107,2
5482,549,153,5
5483,549,167,2
5484,549,198,2
5485,549,216,2
5486,549,226,2
5487,549,257,2
5488,549,369,2
5489,549,523,2
5490,550,156,2
5491,550,376,1
5492,550,397,4
5493,550,451,3
5494,550,461,2
5495,550,486,2
5496,550,566,2
5497,550,797,2
5498,550,821,4
5499,550,985,3
5500,551,62,5
5501,551,65,3
5502,551,185,1
5503,551,277,1
5504,551,417,1
5505,551,419,1
5506,551,606,1
5507,551,649,1
5508,551,683,1
5509,551,762,2
5510,552,11,2
5511,552,16,1
5512,552,181,2
5513,552,194,1
5514,552,255,4
5515,552,266,1
5516,552,360,2
5517,552,596,1
5518,552,869,1
5519,552,872,1
5520,553,50,4
5521,553,273,1
5522,553,391,1
5523,553,492,2
5524,553,649,1
5525,553,653,1
5526,553,716,3
5527,553,736,1
5528,553,802,1
5529,553,966,2
5530,554,95,1
5531,554,121,2
5532,554,220,1
5533,554,329,1
5534,554,372,1
5535,554,576,1
5536,554,679,1
5537,554,830,1
5538,554,965,1
5539,554,976,1
5540,555,12,3
5541,555,356,3
5542,555,481,1
5543,555,685,3
5544,555,743,2
5545,555,830,3
5546,555,842,3
5547,555,892,1
5548,555,898,2
5549,555,983,2
5550,556,59,3
5551,556,98,2
5552,556,220,1
5553,556,420,2
5554,556,466,3
5555,556,536,4
5556,556,771,1
5557,556,863,3
5558,556,889,3
5559,556,920,2
5560,557,63,3
5561,557,97,1
5562,557,159,2
5563,557,433,2
5564,557,489,2
5565,557,556,2
5566,557,641,1
5567,557,650,5
5568,557,705,2
5569,557,915,2
5570,558,22,2
5571,558,43,1
5572,558,62,3
5573,558,91,2
5574,558,209,1
5575,558,221,1
5576,558,513,5
5577,558,637,1
5578,558,669,1
5579,558,905,2
5580,559,81,1
5581,559,94,2
5582,559,112,1
5583,559,326,1
5584,559,344,3
5585,559,621,1
5586,559,712,1
5587,559,819,3
5588,559,934,1
5589,559,952,2
5590,560,218,1
5591,560,284,2
5592,560,491,2
5593,560,621,3
5594,560,622,2
5595,560,713,1
5596,560,814,1
5597,560,863,1
5598,560,923,2
5599,560,941,1
5600,561,317,2
5601,561,398,2
5602,561,477,2
5603,561,589,2
5604,561,637,2
5605,561,728,2
5606,561,806,2
5607,561,819,2
5608,561,824,2
5609,561,867,2
5610,562,270,4
5611,562,377,1
5612,562,415,1
5613,562,493,2
5614,562,539,1
5615,562,631,1
5616,562,633,2
5617,562,787,1
5618,562,950,2
5619,562,959,1
5620,563,74,2
5621,563,201,1
5622,563,339,1
5623,563,346,2
5624,563,413,2
5625,563,618,2
5626,563,699,1
5627,563,795,2
5628,563,979,1
5629,563,995,3
5630,564,2,1
5631,564,39,1
5632,564,66,2
5633,564,73,1
5634,564,187,1
5635,564,427,1
5636,564,488,1
5637,564,526,2
5638,564,576,2
5639,564,845,1
5640,565,27,1
5641,565,175,2
5642,565,348,2
5643,565,523,1
5644,565,603,1
5645,565,612,2
5646,565,646,1
5647,565,810,3
5648,565,879,1
5649,565,983,3
5650,566,57,2
5651,566,264,2
5652,566,356,1
5653,566,380,2
5654,566,444,2
5655,566,680,2
5656,566,689,3
5657,566,691,2
5658,566,865,5
5659,566,887,3
5660,567,123,3
5661,567,391,4
5662,567,528,3
5663,567,705,3
5664,567,744,1
5665,567,753,3
5666,567,783,2
5667,567,829,3
5668,567,848,3
5669,567,966,2
5670,568,28,1
5671,568,111,2
5672,568,137,4
5673,568,238,1
5674,568,409,1
5675,568,410,1
5676,568,442,2
5677,568,491,2
5678,568,637,1
5679,568,640,3
5680,569,80,1
5681,569,189,1
5682,569,194,4
5683,569,365,1
5684,569,702,1
5685,569,849,2
5686,569,863,1
5687,569,871,1
5688,569,884,1
5689,569,973,1
5690,570,16,2
5691,570,147,3
5692,570,192,4
5693,570,209,1
5694,570,473,2
5695,570,594,3
5696,570,754,1
5697,570,778,1
5698,570,792,1
5699,570,912,1
5700,571,95,2
5701,571,105,3
5702,571,235,1
5703,571,279,1
5704,571,394,1
5705,571,744,1
5706,571,768,1
5707,571,865,1
5708,571,888,1
5709,571,949,3
5710,572,112,2
5711,572,146,2
5712,572,221,2
5713,572,320,3
5714,572,370,2
5715,572,388,4
5716,572,533,2
5717,572,688,3
5718,572,790,2
5719,572,901,2
5720,573,151,3
5721,573,180,1
5722,573,209,3
5723,573,320,5
5724,573,408,1
5725,573,465,4
5726,573,569,1
5727,573,595,3
5728,573,750,3
5729,573,772,5
5730,574,33,2
5731,574,63,2
5732,574,96,3
5733,574,245,4
5734,574,289,1
5735,574,449,3
5736,574,663,2
5737,574,713,1
5738,574,739,1
5739,574,812,5
5740,575,61,1
5741,575,126,2
5742,575,141,1
5743,575,418,1
5744,575,618,3
5745,575,708,1
5746,575,721,2
5747,575,781,2
5748,575,857,2
5749,575,943,1
5750,576,74,1
5751,576,96,1
5752,576,298,1
5753,576,332,1
5754,576,349,1
5755,576,378,1
5756,576,449,2
5757,576,460,2
5758,576,478,4
5759,576,739,1
5760,577,181,1
5761,577,211,1
5762,577,253,1
5763,577,289,3
5764,577,318,4
5765,577,325,2
5766,577,368,1
5767,577,619,1
5768,577,654,3
5769,577,979,1
5770,578,3,1
5771,578,171,1
5772,578,187,1
5773,578,218,2
5774,578,466,2
5775,578,664,1
5776,578,665,3
5777,578,879,2
5778,578,966,1
5779,578,975,1
5780,579,2,5
5781,579,99,2
5782,579,359,1
5783,579,362,1
5784,579,524,1
5785,579,623,2
5786,579,658,1
5787,579,876,1
5788,579,938,1
5789,579,961,2
5790,580,164,1
5791,580,205,1
5792,580,206,3
5793,580,248,1
5794,580,319,3
5795,580,572,1
5796,580,669,1
5797,580,679,1
5798,580,995,3
5799,580,998,1
5800,581,91,1
5801,581,293,1
5802,581,363,1
5803,581,375,1
5804,581,412,2
5805,581,628,1
5806,581,811,1
5807,581,871,1
5808,581,876,1
5809,581,891,1
5810,582,254,1
5811,582,321,1
5812,582,554,1
5813,582,603,1
5814,582,674,1
5815,582,824,1
5816,582,826,1
5817,582,870,1
5818,582,874,1
5819,582,907,1
5820,583,37,1
5821,583,284,1
5822,583,356,1
5823,583,413,1
5824,583,450,1
5825,583,512,1
5826,583,574,1
5827,583,800,1
5828,583,964,4
5829,583,983,2
5830,584,27,4
5831,584,54,3
5832,584,105,1
5833,584,159,1
5834,584,215,1
5835,584,459,2
5836,584,751,1
5837,584,860,2
5838,584,920,1
5839,584,950,3
5840,585,50,3
5841,585,262,3
5842,585,356,1
5843,585,357,2
5844,585,465,1
5845,585,544,2
5846,585,576,3
5847,585,779,2
5848,585,905,1
5849,585,957,2
5850,586,93,5
5851,586,264,4
5852,586,279,2
5853,586,353,2
5854,586,439,4
5855,586,747,5
5856,586,753,3
5857,586,754,2
5858,586,864,1
5859,586,935,2
5860,587,131,3
5861,587,241,1
5862,587,326,1
5863,587,332,1
5864,587,412,1
5865,587,475,1
5866,587,605,1
5867,587,879,2
5868,587,925,1
5869,587,963,1
5870,588,73,1
5871,588,167,2
5872,588,225,2
5873,588,250,2
5874,588,680,2
5875,588,683,2
5876,588,703,2
5877,588,724,2
5878,588,881,2
5879,588,926,2
5880,589,17,2
5881,589,273,1
5882,589,358,1
5883,589,372,3
5884,589,515,1
5885,589,692,4
5886,589,783,3
5887,589,852,1
5888,589,968,2
5889,589,978,1
5890,590,97,2
5891,590,252,4
5892,590,439,2
5893,590,585,2
5894,590,589,2
5895,590,648,2
5896,590,702,2
5897,590,800,2
5898,590,895,4
5899,590,996,4
5900,591,218,3
5901,591,328,2
5902,591,403,1
5903,591,559,4
5904,591,601,2
5905,591,765,3
5906,591,775,3
5907,591,915,4
5908,591,981,1
5909,591,986,2
5910,592,51,4
5911,592,333,1
5912,592,431,1
5913,592,499,1
5914,592,532,1
5915,592,655,2
5916,592,752,3
5917,592,932,1
5918,592,936,1
5919,592,949,1
5920,593,127,2
5921,593,172,1
5922,593,292,4
5923,593,330,2
5924,593,336,1
5925,593,358,3
5926,593,475,2
5927,593,548,5
5928,593,677,1
5929,593,855,3
5930,594,24,3
5931,594,193,3
5932,594,398,1
5933,594,430,1
5934,594,476,1
5935,594,598,1
5936,594,612,2
5937,594,753,2
5938,594,796,3
5939,594,838,4
5940,595,31,4
5941,595,153,3
5942,595,166,3
5943,595,220,4
5944,595,593,3
5945,595,617,2
5946,595,674,4
5947,595,888,4
5948,595,893,2
5949,595,944,2
5950,596,78,1
5951,596,280,2
5952,596,291,1
5953,596,364,3
5954,596,496,2
5955,596,511,1
5956,596,547,2
5957,596,576,3
5958,596,825,2
5959,596,979,2
5960,597,22,1
5961,597,284,3
5962,597,449,2
5963,597,583,2
5964,597,604,1
5965,597,618,3
5966,597,693,3
5967,597,747,2
5968,597,852,2
5969,597,862,1
5970,598,6,1
5971,598,221,1
5972,598,328,1
5973,598,504,1
5974,598,512,1
5975,598,778,1
5976,598,847,1
5977,598,860,1
5978,598,903,1
5979,598,957,1
5980,599,17,2
5981,599,159,1
5982,599,201,3
5983,599,282,2
5984,599,285,3
5985,599,468,3
5986,599,565,3
5987,599,640,2
5988,599,656,4
5989,599,864,4
5990,600,55,1
5991,600,72,1
5992,600,191,1
5993,600,238,1
5994,600,296,4
5995,600,599,1
5996,600,794,1
5997,600,797,1
5998,600,925,3
5999,600,946,3
6000,601,14,2
6001,601,551,2
6002,601,552,3
6003,601,587,1
6004,601,594,3
6005,601,629,5
6006,601,713,5
6007,601,796,5
6008,601,919,1
6009,601,952,2
6010,602,161,1
6011,602,230,1
6012,602,245,1
6013,602,273,3
6014,602,422,1
6015,602,444,1
6016,602,744,1
6017,602,893,1
6018,602,899,1
6019,602,1000,1
6020,603,185,2
6021,603,310,3
6022,603,359,3
6023,603,454,3
6024,603,513,4
6025,603,628,3
6026,603,707,2
6027,603,797,3
6028,603,848,2
6029,603,972,2
6030,604,13,1
6031,604,137,3
6032,604,206,4
6033,604,408,1
6034,604,573,5
6035,604,582,2
6036,604,641,2
6037,604,865,5
6038,604,887,1
6039,604,991,1
6040,605,110,1
6041,605,174,1
6042,605,296,1
6043,605,363,1
6044,605,547,3
6045,605,712,1
6046,605,746,1
6047,605,757,1
6048,605,820,1
6049,605,992,1
6050,606,19,5
6051,606,205,3
6052,606,366,2
6053,606,527,1
6054,606,600,1
6055,606,734,1
6056,606,749,3
6057,606,779,1
6058,606,891,1
6059,606,944,4
6060,607,109,4
6061,607,397,1
6062,607,456,4
6063,607,675,3
6064,607,685,3
6065,607,814,4
6066,607,831,1
6067,607,834,4
6068,607,838,4
6069,607,880,3
6070,608,30,1
6071,608,57,1
6072,608,169,1
6073,608,292,2
6074,608,519,1
6075,608,603,1
6076,608,741,1
6077,608,755,1
6078,608,880,1
6079,608,950,1
6080,609,138,1
6081,609,252,3
6082,609,382,2
6083,609,420,1
6084,609,439,3
6085,609,582,4
6086,609,586,1
6087,609,876,5
6088,609,901,2
6089,609,940,2
6090,610,45,3
6091,610,51,2
6092,610,123,3
6093,610,337,1
6094,610,441,2
6095,610,543,1
6096,610,581,3
6097,610,665,4
6098,610,698,2
6099,610,712,2
6100,611,35,3
6101,611,106,1
6102,611,326,2
6103,611,366,3
6104,611,367,1
6105,611,602,1
6106,611,604,2
6107,611,726,1
6108,611,851,1
6109,611,882,1
6110,612,18,3
6111,612,33,2
6112,612,169,2
6113,612,279,3
6114,612,340,3
6115,612,368,3
6116,612,839,2
6117,612,847,2
6118,612,895,2
6119,612,933,2
6120,613,59,2
6121,613,69,1
6122,613,154,2
6123,613,244,2
6124,613,268,2
6125,613,384,3
6126,613,396,2
6127,613,725,2
6128,613,791,2
6129,613,884,1
6130,614,19,2
6131,614,35,2
6132,614,135,1
6133,614,462,3
6134,614,608,3
6135,614,743,3
6136,614,789,2
6137,614,826,5
6138,614,828,1
6139,614,914,3
6140,615,50,1
6141,615,256,1
6142,615,267,1
6143,615,311,1
6144,615,398,1
6145,615,459,5
6146,615,641,1
6147,615,698,1
6148,615,708,1
6149,615,863,1
6150,616,58,4
6151,616,114,1
6152,616,155,2
6153,616,179,3
6154,616,190,3
6155,616,325,3
6156,616,392,2
6157,616,443,3
6158,616,638,3
6159,616,812,3
6160,617,45,1
6161,617,65,2
6162,617,192,3
6163,617,259,1
6164,617,287,3
6165,617,487,1
6166,617,491,1
6167,617,816,1
6168,617,823,3
6169,617,873,2
6170,618,132,2
6171,618,135,2
6172,618,341,3
6173,618,383,2
6174,618,414,2
6175,618,430,1
6176,618,484,3
6177,618,594,3
6178,618,801,4
6179,618,987,1
6180,619,45,1
6181,619,57,1
6182,619,273,1
6183,619,303,1
6184,619,376,1
6185,619,405,1
6186,619,472,1
6187,619,482,1
6188,619,706,1
6189,619,744,1
6190,620,42,1
6191,620,80,1
6192,620,121,2
6193,620,203,2
6194,620,515,1
6195,620,594,2
6196,620,602,1
6197,620,659,2
6198,620,763,3
6199,620,898,2
6200,621,25,1
6201,621,167,1
6202,621,293,1
6203,621,305,1
6204,621,406,1
6205,621,476,1
6206,621,526,1
6207,621,725,1
6208,621,947,1
6209,621,973,1
6210,622,9,2
6211,622,81,1
6212,622,228,1
6213,622,320,1
6214,622,563,2
6215,622,618,2
6216,622,656,3
6217,622,722,1
6218,622,770,1
6219,622,804,1
6220,623,33,3
6221,623,100,1
6222,623,135,2
6223,623,147,1
6224,623,305,1
6225,623,325,1
6226,623,351,2
6227,623,416,2
6228,623,858,4
6229,623,923,1
6230,624,90,3
6231,624,109,3
6232,624,146,3
6233,624,318,2
6234,624,460,2
6235,624,496,2
6236,624,575,2
6237,624,671,3
6238,624,675,2
6239,624,940,4
6240,625,58,1
6241,625,220,1
6242,625,261,2
6243,625,302,1
6244,625,322,1
6245,625,499,2
6246,625,599,1
6247,625,786,2
6248,625,951,2
6249,625,974,2
6250,626,174,1
6251,626,221,1
6252,626,264,1
6253,626,278,1
6254,626,293,1
6255,626,399,1
6256,626,454,1
6257,626,521,1
6258,626,616,1
6259,626,826,1
6260,627,146,1
6261,627,180,1
6262,627,248,1
6263,627,460,4
6264,627,461,1
6265,627,729,1
6266,627,746,3
6267,627,814,2
6268,627,881,1
6269,627,970,1
6270,628,35,3
6271,628,123,3
6272,628,247,3
6273,628,309,2
6274,628,314,2
6275,628,606,2
6276,628,773,2
6277,628,820,2
6278,628,882,1
6279,628,933,3
6280,629,61,1
6281,629,526,1
6282,629,713,2
6283,629,720,2
6284,629,761,2
6285,629,860,1
6286,629,877,1
6287,629,899,3
6288,629,930,2
6289,629,938,1
6290,630,40,1
6291,630,68,1
6292,630,78,1
6293,630,117,1
6294,630,211,1
6295,630,357,1
6296,630,606,1
6297,630,741,1
6298,630,751,1
6299,630,878,1
6300,631,87,3
6301,631,141,3
6302,631,171,3
6303,631,278,1
6304,631,663,4
6305,631,757,4
6306,631,765,3
6307,631,900,4
6308,631,973,3
6309,631,976,3
6310,632,4,1
6311,632,19,1
6312,632,44,1
6313,632,49,1
6314,632,129,1
6315,632,407,1
6316,632,417,1
6317,632,498,1
6318,632,710,1
6319,632,768,1
6320,633,121,4
6321,633,151,3
6322,633,234,3
6323,633,380,3
6324,633,436,3
6325,633,512,1
6326,633,654,4
6327,633,669,5
6328,633,680,4
6329,633,762,1
6330,634,51,1
6331,634,75,1
6332,634,190,3
6333,634,300,1
6334,634,332,1
6335,634,382,3
6336,634,416,1
6337,634,517,1
6338,634,836,4
6339,634,895,3
6340,635,28,4
6341,635,318,4
6342,635,373,2
6343,635,444,1
6344,635,511,1
6345,635,598,1
6346,635,687,4
6347,635,740,3
6348,635,851,1
6349,635,922,1
6350,636,27,1
6351,636,75,1
6352,636,330,3
6353,636,512,1
6354,636,552,3
6355,636,634,1
6356,636,676,1
6357,636,727,2
6358,636,757,1
6359,636,889,3
6360,637,232,1
6361,637,249,3
6362,637,268,1
6363,637,306,1
6364,637,325,1
6365,637,434,1
6366,637,627,2
6367,637,634,1
6368,637,967,1
6369,637,978,3
6370,638,26,1
6371,638,38,5
6372,638,250,1
6373,638,267,1
6374,638,678,1
6375,638,726,4
6376,638,743,2
6377,638,874,1
6378,638,881,1
6379,638,984,1
6380,639,70,1
6381,639,133,2
6382,639,220,1
6383,639,311,2
6384,639,428,2
6385,639,429,1
6386,639,436,4
6387,639,445,1
6388,639,469,1
6389,639,952,1
6390,640,87,1
6391,640,171,3
6392,640,397,2
6393,640,411,2
6394,640,436,3
6395,640,734,2
6396,640,826,4
6397,640,830,2
6398,640,868,3
6399,640,915,1
6400,641,78,1
6401,641,519,1
6402,641,560,2
6403,641,642,2
6404,641,694,3
6405,641,847,4
6406,641,886,1
6407,641,893,3
6408,641,914,3
6409,641,929,3
6410,642,10,1
6411,642,223,1
6412,642,297,1
6413,642,325,1
6414,642,356,1
6415,642,397,1
6416,642,529,1
6417,642,595,1
6418,642,727,1
6419,642,902,1
6420,643,36,5
6421,643,332,2
6422,643,397,2
6423,643,451,1
6424,643,498,3
6425,643,574,2
6426,643,580,2
6427,643,616,2
6428,643,672,1
6429,643,722,1
6430,644,19,2
6431,644,140,2
6432,644,146,3
6433,644,228,2
6434,644,329,3
6435,644,399,3
6436,644,529,3
6437,644,550,2
6438,644,669,3
6439,644,866,4
6440,645,61,1
6441,645,90,1
6442,645,145,1
6443,645,188,1
6444,645,235,1
6445,645,257,1
6446,645,328,1
6447,645,520,1
6448,645,683,1
6449,645,762,1
6450,646,27,1
6451,646,66,1
6452,646,452,1
6453,646,528,1
6454,646,557,1
6455,646,624,1
6456,646,680,1
6457,646,682,1
6458,646,723,2
6459,646,846,1
6460,647,171,2
6461,647,197,1
6462,647,226,2
6463,647,288,2
6464,647,505,1
6465,647,545,1
6466,647,899,5
6467,647,942,2
6468,647,968,2
6469,647,998,1
6470,648,163,1
6471,648,238,1
6472,648,283,3
6473,648,339,1
6474,648,481,1
6475,648,597,1
6476,648,654,3
6477,648,749,1
6478,648,864,1
6479,648,884,1
6480,649,146,2
6481,649,172,1
6482,649,336,2
6483,649,349,1
6484,649,461,1
6485,649,465,1
6486,649,709,1
6487,649,807,2
6488,649,906,4
6489,649,920,1
6490,650,231,1
6491,650,282,2
6492,650,284,1
6493,650,327,2
6494,650,496,1
6495,650,560,1
6496,650,663,1
6497,650,681,1
6498,650,764,1
6499,650,885,2
6500,651,73,1
6501,651,109,3
6502,651,222,2
6503,651,251,1
6504,651,324,2
6505,651,504,3
6506,651,532,1
6507,651,543,1
6508,651,584,1
6509,651,740,2
6510,652,26,1
6511,652,135,2
6512,652,175,1
6513,652,188,1
6514,652,200,1
6515,652,270,3
6516,652,427,1
6517,652,683,3
6518,652,742,2
6519,652,922,1
6520,653,98,1
6521,653,379,1
6522,653,402,1
6523,653,603,2
6524,653,687,5
6525,653,766,1
6526,653,860,1
6527,653,942,4
6528,653,988,1
6529,653,990,1
6530,654,174,2
6531,654,229,1
6532,654,337,1
6533,654,453,1
6534,654,610,1
6535,654,617,1
6536,654,840,3
6537,654,870,3
6538,654,891,1
6539,654,928,2
6540,655,293,2
6541,655,303,1
6542,655,389,1
6543,655,620,2
6544,655,631,2
6545,655,696,2
6546,655,699,1
6547,655,746,2
6548,655,763,1
6549,655,876,1
6550,656,28,2
6551,656,38,2
6552,656,119,3
6553,656,202,1
6554,656,251,1
6555,656,289,4
6556,656,401,2
6557,656,547,2
6558,656,724,1
6559,656,894,1
6560,657,142,2
6561,657,333,1
6562,657,533,1
6563,657,534,1
6564,657,558,1
6565,657,565,2
6566,657,649,1
6567,657,746,2
6568,657,780,1
6569,657,794,1
6570,658,4,2
6571,658,94,2
6572,658,185,2
6573,658,236,2
6574,658,327,2
6575,658,365,2
6576,658,687,3
6577,658,804,2
6578,658,852,2
6579,658,867,2
6580,659,36,1
6581,659,76,1
6582,659,309,1
6583,659,699,1
6584,659,717,1
6585,659,718,1
6586,659,761,4
6587,659,823,1
6588,659,869,1
6589,659,966,1
6590,660,7,1
6591,660,96,1
6592,660,98,2
6593,660,185,5
6594,660,448,2
6595,660,626,2
6596,660,705,3
6597,660,911,2
6598,660,936,4
6599,660,970,4
6600,661,114,1
6601,661,181,1
6602,661,242,1
6603,661,290,2
6604,661,314,2
6605,661,418,1
6606,661,554,1
6607,661,601,2
6608,661,925,2
6609,661,975,1
6610,662,203,1
6611,662,219,1
6612,662,237,1
6613,662,304,2
6614,662,311,1
6615,662,500,3
6616,662,582,1
6617,662,587,1
6618,662,732,1
6619,662,884,1
6620,663,83,2
6621,663,227,2
6622,663,376,1
6623,663,379,1
6624,663,471,2
6625,663,561,1
6626,663,755,1
6627,663,793,2
6628,663,818,2
6629,663,979,3
6630,664,224,1
6631,664,325,1
6632,664,367,1
6633,664,572,1
6634,664,592,1
6635,664,629,1
6636,664,654,4
6637,664,846,1
6638,664,872,1
6639,664,965,1
6640,665,21,3
6641,665,237,2
6642,665,351,4
6643,665,479,1
6644,665,519,1
6645,665,575,2
6646,665,731,2
6647,665,821,4
6648,665,830,3
6649,665,888,4
6650,666,43,1
6651,666,135,1
6652,666,174,1
6653,666,273,1
6654,666,325,1
6655,666,395,2
6656,666,598,1
6657,666,788,1
6658,666,819,1
6659,666,833,1
6660,667,216,2
6661,667,219,4
6662,667,342,1
6663,667,408,1
6664,667,436,4
6665,667,547,2
6666,667,726,2
6667,667,837,1
6668,667,940,2
6669,667,944,2
6670,668,158,3
6671,668,193,3
6672,668,199,3
6673,668,205,3
6674,668,254,3
6675,668,383,4
6676,668,646,3
6677,668,681,3
6678,668,876,3
6679,668,951,3
6680,669,19,3
6681,669,100,1
6682,669,667,1
6683,669,668,4
6684,669,726,3
6685,669,779,1
6686,669,822,1
6687,669,829,1
6688,669,935,3
6689,669,985,1
6690,670,29,1
6691,670,191,1
6692,670,208,1
6693,670,342,2
6694,670,346,1
6695,670,381,1
6696,670,432,1
6697,670,442,1
6698,670,817,1
6699,670,957,1
6700,671,79,3
6701,671,237,3
6702,671,274,3
6703,671,323,3
6704,671,337,3
6705,671,707,2
6706,671,756,3
6707,671,765,4
6708,671,938,2
6709,671,954,3
6710,672,136,1
6711,672,187,1
6712,672,235,5
6713,672,348,1
6714,672,379,1
6715,672,392,1
6716,672,631,3
6717,672,815,1
6718,672,902,4
6719,672,978,1
6720,673,25,1
6721,673,140,1
6722,673,366,3
6723,673,526,2
6724,673,722,1
6725,673,868,3
6726,673,900,1
6727,673,941,1
6728,673,988,4
6729,673,998,1
6730,674,153,3
6731,674,309,1
6732,674,326,1
6733,674,354,1
6734,674,357,2
6735,674,363,1
6736,674,374,1
6737,674,471,3
6738,674,505,1
6739,674,687,2
6740,675,38,1
6741,675,78,2
6742,675,98,1
6743,675,359,1
6744,675,511,1
6745,675,589,1
6746,675,667,1
6747,675,679,1
6748,675,786,5
6749,675,841,1
6750,676,114,2
6751,676,214,3
6752,676,292,1
6753,676,364,1
6754,676,406,4
6755,676,418,1
6756,676,655,1
6757,676,671,1
6758,676,723,1
6759,676,814,2
6760,677,73,3
6761,677,176,4
6762,677,207,2
6763,677,253,2
6764,677,485,3
6765,677,663,2
6766,677,746,1
6767,677,751,4
6768,677,913,1
6769,677,925,1
6770,678,3,2
6771,678,199,2
6772,678,428,1
6773,678,542,1
6774,678,598,2
6775,678,602,1
6776,678,758,2
6777,678,798,1
6778,678,820,2
6779,678,930,2
6780,679,5,1
6781,679,20,1
6782,679,529,1
6783,679,538,1
6784,679,648,3
6785,679,669,3
6786,679,718,3
6787,679,765,2
6788,679,807,1
6789,679,960,1
6790,680,100,1
6791,680,123,3
6792,680,273,2
6793,680,345,1
6794,680,614,3
6795,680,772,2
6796,680,957,1
6797,680,970,2
6798,680,977,1
6799,680,996,1
6800,681,33,4
6801,681,52,3
6802,681,160,1
6803,681,217,1
6804,681,242,1
6805,681,282,2
6806,681,326,1
6807,681,680,1
6808,681,789,4
6809,681,865,4
6810,682,49,4
6811,682,141,3
6812,682,189,1
6813,682,234,3
6814,682,245,3
6815,682,595,2
6816,682,689,2
6817,682,847,2
6818,682,862,3
6819,682,975,3
6820,683,64,1
6821,683,70,1
6822,683,139,1
6823,683,526,1
6824,683,590,1
6825,683,616,1
6826,683,634,1
6827,683,870,1
6828,683,939,1
6829,683,948,1
6830,684,42,1
6831,684,253,3
6832,684,257,1
6833,684,565,3
6834,684,624,2
6835,684,633,3
6836,684,655,1
6837,684,685,2
6838,684,741,2
6839,684,997,1
6840,685,38,2
6841,685,197,4
6842,685,450,3
6843,685,593,2
6844,685,617,3
6845,685,789,3
6846,685,797,4
6847,685,850,3
6848,685,950,2
6849,685,967,3
6850,686,122,2
6851,686,149,1
6852,686,178,1
6853,686,223,1
6854,686,295,1
6855,686,350,1
6856,686,498,1
6857,686,528,1
6858,686,743,2
6859,686,751,1
6860,687,7,1
6861,687,26,1
6862,687,43,1
6863,687,104,1
6864,687,295,1
6865,687,318,1
6866,687,450,1
6867,687,596,1
6868,687,836,1
6869,687,939,2
6870,688,399,2
6871,688,484,3
6872,688,490,2
6873,688,501,2
6874,688,561,1
6875,688,576,2
6876,688,713,3
6877,688,742,1
6878,688,790,2
6879,688,909,1
6880,689,14,4
6881,689,116,1
6882,689,266,1
6883,689,737,1
6884,689,757,1
6885,689,870,1
6886,689,873,5
6887,689,875,1
6888,689,911,1
6889,689,974,1
6890,690,18,2
6891,690,62,2
6892,690,147,1
6893,690,151,1
6894,690,283,1
6895,690,690,1
6896,690,712,1
6897,690,783,1
6898,690,939,1
6899,690,985,3
6900,691,72,1
6901,691,116,1
6902,691,181,1
6903,691,231,1
6904,691,301,1
6905,691,446,1
6906,691,452,1
6907,691,507,1
6908,691,518,1
6909,691,917,1
6910,692,34,1
6911,692,42,1
6912,692,252,1
6913,692,285,1
6914,692,291,1
6915,692,393,1
6916,692,522,3
6917,692,762,1
6918,692,772,3
6919,692,833,3
6920,693,46,1
6921,693,228,1
6922,693,293,1
6923,693,347,1
6924,693,352,1
6925,693,710,1
6926,693,719,1
6927,693,746,2
6928,693,766,3
6929,693,823,1
6930,694,36,1
6931,694,44,1
6932,694,104,1
6933,694,179,1
6934,694,185,1
6935,694,214,1
6936,694,639,1
6937,694,665,1
6938,694,684,1
6939,694,920,1
6940,695,50,1
6941,695,102,1
6942,695,297,1
6943,695,337,1
6944,695,380,2
6945,695,381,1
6946,695,616,1
6947,695,710,1
6948,695,718,1
6949,695,932,1
6950,696,112,3
6951,696,158,2
6952,696,356,2
6953,696,384,2
6954,696,435,2
6955,696,454,2
6956,696,546,2
6957,696,632,2
6958,696,745,2
6959,696,793,3
6960,697,30,1
6961,697,61,1
6962,697,152,2
6963,697,166,1
6964,697,204,1
6965,697,319,1
6966,697,360,1
6967,697,487,1
6968,697,585,1
6969,697,637,1
6970,698,31,3
6971,698,137,1
6972,698,187,1
6973,698,200,1
6974,698,226,2
6975,698,364,2
6976,698,751,3
6977,698,816,4
6978,698,901,2
6979,698,917,1
6980,699,47,1
6981,699,138,2
6982,699,150,1
6983,699,380,1
6984,699,485,1
6985,699,562,1
6986,699,677,1
6987,699,712,1
6988,699,764,1
6989,699,815,1
6990,700,18,2
6991,700,40,3
6992,700,184,3
6993,700,404,1
6994,700,458,1
6995,700,580,2
6996,700,730,2
6997,700,780,2
6998,700,887,3
6999,700,940,1
7000,701,76,1
7001,701,91,3
7002,701,173,2
7003,701,318,2
7004,701,350,1
7005,701,369,1
7006,701,396,1
7007,701,797,1
7008,701,859,3
7009,701,909,1
7010,702,81,1
7011,702,85,1
7012,702,295,3
7013,702,559,2
7014,702,598,1
7015,702,685,2
7016,702,800,3
7017,702,809,1
7018,702,825,4
7019,702,925,1
7020,703,68,1
7021,703,130,2
7022,703,164,1
7023,703,285,1
7024,703,582,1
7025,703,617,1
7026,703,685,2
7027,703,777,2
7028,703,819,1
7029,703,894,1
7030,704,130,3
7031,704,198,3
7032,704,329,3
7033,704,492,3
7034,704,518,3
7035,704,580,3
7036,704,825,3
7037,704,843,5
7038,704,957,3
7039,704,994,4
7040,705,308,2
7041,705,320,4
7042,705,419,2
7043,705,449,2
7044,705,512,2
7045,705,594,2
7046,705,767,3
7047,705,862,2
7048,705,873,3
7049,705,997,2
7050,706,100,2
7051,706,106,1
7052,706,434,1
7053,706,498,4
7054,706,609,1
7055,706,662,1
7056,706,669,1
7057,706,774,1
7058,706,942,1
7059,706,952,1
7060,707,368,2
7061,707,369,1
7062,707,386,1
7063,707,395,1
7064,707,443,1
7065,707,496,1
7066,707,797,2
7067,707,867,1
7068,707,869,1
7069,707,908,2
7070,708,207,1
7071,708,230,1
7072,708,318,1
7073,708,402,1
7074,708,415,1
7075,708,588,1
7076,708,610,1
7077,708,709,1
7078,708,816,1
7079,708,940,1
7080,709,140,1
7081,709,142,1
7082,709,175,1
7083,709,241,1
7084,709,474,2
7085,709,496,1
7086,709,519,1
7087,709,567,1
7088,709,701,1
7089,709,936,1
7090,710,308,1
7091,710,360,2
7092,710,364,1
7093,710,568,3
7094,710,622,1
7095,710,655,1
7096,710,673,2
7097,710,738,1
7098,710,902,2
7099,710,922,2
7100,711,140,1
7101,711,147,1
7102,711,221,1
7103,711,279,1
7104,711,417,1
7105,711,427,1
7106,711,617,1
7107,711,679,1
7108,711,844,1
7109,711,847,1
7110,712,18,3
7111,712,113,1
7112,712,116,3
7113,712,177,3
7114,712,326,1
7115,712,371,1
7116,712,592,1
7117,712,670,1
7118,712,734,1
7119,712,809,1
7120,713,480,2
7121,713,511,4
7122,713,518,3
7123,713,527,2
7124,713,716,2
7125,713,722,3
7126,713,865,2
7127,713,948,2
7128,713,993,2
7129,713,999,2
7130,714,45,1
7131,714,58,1
7132,714,151,1
7133,714,345,1
7134,714,481,1
7135,714,554,1
7136,714,666,1
7137,714,684,3
7138,714,743,2
7139,714,859,1
7140,715,54,4
7141,715,57,2
7142,715,66,2
7143,715,147,2
7144,715,227,3
7145,715,264,3
7146,715,299,3
7147,715,717,3
7148,715,761,2
7149,715,819,4
7150,716,6,1
7151,716,106,2
7152,716,300,2
7153,716,345,3
7154,716,376,2
7155,716,749,3
7156,716,763,3
7157,716,805,4
7158,716,917,3
7159,716,940,1
7160,717,185,1
7161,717,259,1
7162,717,313,3
7163,717,481,1
7164,717,681,1
7165,717,758,1
7166,717,767,3
7167,717,822,2
7168,717,844,2
7169,717,987,2
7170,718,97,1
7171,718,185,2
7172,718,230,1
7173,718,478,3
7174,718,568,1
7175,718,633,1
7176,718,686,1
7177,718,748,1
7178,718,792,1
7179,718,917,1
7180,719,1,1
7181,719,23,2
7182,719,36,1
7183,719,156,1
7184,719,215,1
7185,719,429,1
7186,719,481,2
7187,719,503,1
7188,719,535,1
7189,719,631,1
7190,720,218,2
7191,720,321,2
7192,720,366,2
7193,720,368,2
7194,720,380,2
7195,720,391,2
7196,720,418,2
7197,720,527,2
7198,720,676,2
7199,720,742,2
7200,721,15,2
7201,721,93,4
7202,721,187,1
7203,721,229,1
7204,721,434,2
7205,721,717,2
7206,721,913,3
7207,721,915,2
7208,721,924,1
7209,721,960,2
7210,722,175,2
7211,722,281,1
7212,722,395,4
7213,722,450,1
7214,722,524,3
7215,722,612,2
7216,722,882,1
7217,722,917,2
7218,722,948,3
7219,722,968,4
7220,723,211,2
7221,723,231,1
7222,723,309,1
7223,723,422,1
7224,723,476,1
7225,723,552,2
7226,723,574,1
7227,723,592,1
7228,723,746,3
7229,723,880,3
7230,724,40,2
7231,724,56,2
7232,724,127,5
7233,724,273,2
7234,724,274,2
7235,724,337,2
7236,724,506,4
7237,724,833,5
7238,724,850,2
7239,724,1000,2
7240,725,2,1
7241,725,115,1
7242,725,146,1
7243,725,236,1
7244,725,573,5
7245,725,621,1
7246,725,684,3
7247,725,726,3
7248,725,869,3
7249,725,968,1
7250,726,8,1
7251,726,86,2
7252,726,88,2
7253,726,111,2
7254,726,197,1
7255,726,371,1
7256,726,445,2
7257,726,528,2
7258,726,650,1
7259,726,753,2
7260,727,18,1
7261,727,97,2
7262,727,99,3
7263,727,246,5
7264,727,578,1
7265,727,769,1
7266,727,895,3
7267,727,898,2
7268,727,950,2
7269,727,970,5
7270,728,21,3
7271,728,96,1
7272,728,189,2
7273,728,274,3
7274,728,391,2
7275,728,402,3
7276,728,549,3
7277,728,745,3
7278,728,776,2
7279,728,998,2
7280,729,112,1
7281,729,207,1
7282,729,270,1
7283,729,278,1
7284,729,339,1
7285,729,346,1
7286,729,431,1
7287,729,442,1
7288,729,716,1
7289,729,763,1
7290,730,10,1
7291,730,131,3
7292,730,244,2
7293,730,304,3
7294,730,322,1
7295,730,540,2
7296,730,558,1
7297,730,688,2
7298,730,778,1
7299,730,972,1
7300,731,83,1
7301,731,92,1
7302,731,160,1
7303,731,266,1
7304,731,301,1
7305,731,495,1
7306,731,643,1
7307,731,689,1
7308,731,797,1
7309,731,845,1
7310,732,17,2
7311,732,132,1
7312,732,246,1
7313,732,359,5
7314,732,495,5
7315,732,584,2
7316,732,603,4
7317,732,605,1
7318,732,676,1
7319,732,978,1
7320,733,103,1
7321,733,105,2
7322,733,252,3
7323,733,308,2
7324,733,506,2
7325,733,507,3
7326,733,544,3
7327,733,597,2
7328,733,760,2
7329,733,774,2
7330,734,70,1
7331,734,103,2
7332,734,194,3
7333,734,282,2
7334,734,458,1
7335,734,765,4
7336,734,881,1
7337,734,918,4
7338,734,979,1
7339,734,981,3
7340,735,53,3
7341,735,144,3
7342,735,496,4
7343,735,531,4
7344,735,635,3
7345,735,679,5
7346,735,695,2
7347,735,765,4
7348,735,839,3
7349,735,951,2
7350,736,62,2
7351,736,78,1
7352,736,84,2
7353,736,206,2
7354,736,280,2
7355,736,392,1
7356,736,508,4
7357,736,623,2
7358,736,733,2
7359,736,789,1
7360,737,54,1
7361,737,94,2
7362,737,231,2
7363,737,319,1
7364,737,414,2
7365,737,451,2
7366,737,523,1
7367,737,621,1
7368,737,910,1
7369,737,936,1
7370,738,40,1
7371,738,151,3
7372,738,309,3
7373,738,364,3
7374,738,396,4
7375,738,468,2
7376,738,624,3
7377,738,648,3
7378,738,682,2
7379,738,791,4
7380,739,19,1
7381,739,37,2
7382,739,59,1
7383,739,77,2
7384,739,221,2
7385,739,228,2
7386,739,248,3
7387,739,313,2
7388,739,470,2
7389,739,663,2
7390,740,194,4
7391,740,212,2
7392,740,269,3
7393,740,342,5
7394,740,422,2
7395,740,435,2
7396,740,499,2
7397,740,699,2
7398,740,744,2
7399,740,767,3
7400,741,108,1
7401,741,155,1
7402,741,185,1
7403,741,364,1
7404,741,388,1
7405,741,437,1
7406,741,467,1
7407,741,536,1
7408,741,569,1
7409,741,960,1
7410,742,43,1
7411,742,76,1
7412,742,206,4
7413,742,247,1
7414,742,327,1
7415,742,460,1
7416,742,568,1
7417,742,591,1
7418,742,697,3
7419,742,709,2
7420,743,85,1
7421,743,114,3
7422,743,175,1
7423,743,228,1
7424,743,330,2
7425,743,425,1
7426,743,463,1
7427,743,478,1
7428,743,684,2
7429,743,812,1
7430,744,118,1
7431,744,219,2
7432,744,272,2
7433,744,302,1
7434,744,595,1
7435,744,626,1
7436,744,636,5
7437,744,682,1
7438,744,706,1
7439,744,773,2
7440,745,59,2
7441,745,105,5
7442,745,127,3
7443,745,317,2
7444,745,464,2
7445,745,500,3
7446,745,611,1
7447,745,839,2
7448,745,989,2
7449,745,998,5
7450,746,182,2
7451,746,202,2
7452,746,300,4
7453,746,328,4
7454,746,367,4
7455,746,681,1
7456,746,807,3
7457,746,880,5
7458,746,891,1
7459,746,907,3
7460,747,19,1
7461,747,58,2
7462,747,207,1
7463,747,213,2
7464,747,249,1
7465,747,252,3
7466,747,474,3
7467,747,647,1
7468,747,715,1
7469,747,994,2
7470,748,178,1
7471,748,192,1
7472,748,214,1
7473,748,534,2
7474,748,590,1
7475,748,608,3
7476,748,710,1
7477,748,729,2
7478,748,877,2
7479,748,912,2
7480,749,50,2
7481,749,222,1
7482,749,337,1
7483,749,403,1
7484,749,462,1
7485,749,476,1
7486,749,502,1
7487,749,869,4
7488,749,932,1
7489,749,984,1
7490,750,98,1
7491,750,191,1
7492,750,275,1
7493,750,356,1
7494,750,587,1
7495,750,601,1
7496,750,752,1
7497,750,825,1
7498,750,918,1
7499,750,994,1
7500,751,55,1
7501,751,99,5
7502,751,134,1
7503,751,272,1
7504,751,293,3
7505,751,408,3
7506,751,540,3
7507,751,571,4
7508,751,747,5
7509,751,998,2
7510,752,239,1
7511,752,300,1
7512,752,376,2
7513,752,391,1
7514,752,434,2
7515,752,488,1
7516,752,583,1
7517,752,584,1
7518,752,589,4
7519,752,629,5
7520,753,39,1
7521,753,162,1
7522,753,189,1
7523,753,382,1
7524,753,414,2
7525,753,656,1
7526,753,731,1
7527,753,733,1
7528,753,920,1
7529,753,981,1
7530,754,30,2
7531,754,460,3
7532,754,488,1
7533,754,532,1
7534,754,760,2
7535,754,805,1
7536,754,833,2
7537,754,907,1
7538,754,960,2
7539,754,976,1
7540,755,215,2
7541,755,302,1
7542,755,504,1
7543,755,683,1
7544,755,766,1
7545,755,820,1
7546,755,868,1
7547,755,890,1
7548,755,983,1
7549,755,994,1
7550,756,24,2
7551,756,206,4
7552,756,348,3
7553,756,357,1
7554,756,387,3
7555,756,405,5
7556,756,446,3
7557,756,740,3
7558,756,794,1
7559,756,855,3
7560,757,126,1
7561,757,197,1
7562,757,209,5
7563,757,275,1
7564,757,372,1
7565,757,444,1
7566,757,500,1
7567,757,664,1
7568,757,779,1
7569,757,893,1
7570,758,94,1
7571,758,108,1
7572,758,211,1
7573,758,238,1
7574,758,253,1
7575,758,310,1
7576,758,392,1
7577,758,857,1
7578,758,983,1
7579,758,996,1
7580,759,44,1
7581,759,48,1
7582,759,186,1
7583,759,204,1
7584,759,273,1
7585,759,290,1
7586,759,573,1
7587,759,780,1
7588,759,915,1
7589,759,921,1
7590,760,23,1
7591,760,101,1
7592,760,164,1
7593,760,263,2
7594,760,579,1
7595,760,596,2
7596,760,703,1
7597,760,716,3
7598,760,784,2
7599,760,908,1
7600,761,204,1
7601,761,261,1
7602,761,509,1
7603,761,539,1
7604,761,622,1
7605,761,671,5
7606,761,720,1
7607,761,870,1
7608,761,881,1
7609,761,983,1
7610,762,45,2
7611,762,70,2
7612,762,190,3
7613,762,255,1
7614,762,420,1
7615,762,533,1
7616,762,568,1
7617,762,617,1
7618,762,619,1
7619,762,889,3
7620,763,48,3
7621,763,202,2
7622,763,261,3
7623,763,349,4
7624,763,361,2
7625,763,599,2
7626,763,622,2
7627,763,644,1
7628,763,779,3
7629,763,918,3
7630,764,99,1
7631,764,110,3
7632,764,179,2
7633,764,187,1
7634,764,345,3
7635,764,495,1
7636,764,525,1
7637,764,574,2
7638,764,978,1
7639,764,999,1
7640,765,106,1
7641,765,197,2
7642,765,308,2
7643,765,328,1
7644,765,344,1
7645,765,435,2
7646,765,686,1
7647,765,712,1
7648,765,718,1
7649,765,899,1
7650,766,60,5
7651,766,138,5
7652,766,413,1
7653,766,436,5
7654,766,453,1
7655,766,588,5
7656,766,623,4
7657,766,720,5
7658,766,821,2
7659,766,966,2
7660,767,176,1
7661,767,331,1
7662,767,448,3
7663,767,574,1
7664,767,581,5
7665,767,677,3
7666,767,729,1
7667,767,785,2
7668,767,938,2
7669,767,966,1
7670,768,202,1
7671,768,283,2
7672,768,302,1
7673,768,329,4
7674,768,525,3
7675,768,561,2
7676,768,755,3
7677,768,852,2
7678,768,977,3
7679,768,985,1
7680,769,85,4
7681,769,135,2
7682,769,281,3
7683,769,420,2
7684,769,518,2
7685,769,546,2
7686,769,631,3
7687,769,661,2
7688,769,705,3
7689,769,779,2
7690,770,335,1
7691,770,479,2
7692,770,486,1
7693,770,548,1
7694,770,644,1
7695,770,647,1
7696,770,728,3
7697,770,769,2
7698,770,789,3
7699,770,841,2
7700,771,89,4
7701,771,322,2
7702,771,554,1
7703,771,624,1
7704,771,765,2
7705,771,769,1
7706,771,780,4
7707,771,859,1
7708,771,876,3
7709,771,924,1
7710,772,156,1
7711,772,157,1
7712,772,170,4
7713,772,250,1
7714,772,289,2
7715,772,612,2
7716,772,758,2
7717,772,867,2
7718,772,913,2
7719,772,918,1
7720,773,22,5
7721,773,235,5
7722,773,266,3
7723,773,427,1
7724,773,469,1
7725,773,513,4
7726,773,517,1
7727,773,606,3
7728,773,781,4
7729,773,878,2
7730,774,18,3
7731,774,192,3
7732,774,232,3
7733,774,501,1
7734,774,506,5
7735,774,707,4
7736,774,806,3
7737,774,904,2
7738,774,942,4
7739,774,971,2
7740,775,18,4
7741,775,155,3
7742,775,222,2
7743,775,392,2
7744,775,416,1
7745,775,443,3
7746,775,566,4
7747,775,774,5
7748,775,889,3
7749,775,933,1
7750,776,9,1
7751,776,60,1
7752,776,171,2
7753,776,382,1
7754,776,492,1
7755,776,567,1
7756,776,618,1
7757,776,798,1
7758,776,889,1
7759,776,924,1
7760,777,52,1
7761,777,176,2
7762,777,220,1
7763,777,272,1
7764,777,305,1
7765,777,594,3
7766,777,655,1
7767,777,701,1
7768,777,818,1
7769,777,977,1
7770,778,96,1
7771,778,252,4
7772,778,253,3
7773,778,355,4
7774,778,554,4
7775,778,579,1
7776,778,727,4
7777,778,749,3
7778,778,875,1
7779,778,907,1
7780,779,4,1
7781,779,64,1
7782,779,123,1
7783,779,222,1
7784,779,234,1
7785,779,262,1
7786,779,640,1
7787,779,780,1
7788,779,837,1
7789,779,992,1
7790,780,51,1
7791,780,175,1
7792,780,425,1
7793,780,469,2
7794,780,525,1
7795,780,585,1
7796,780,670,1
7797,780,686,1
7798,780,902,2
7799,780,953,1
7800,781,12,2
7801,781,16,3
7802,781,105,2
7803,781,346,3
7804,781,378,2
7805,781,450,2
7806,781,721,2
7807,781,759,3
7808,781,780,2
7809,781,824,2
7810,782,91,2
7811,782,129,2
7812,782,188,1
7813,782,217,1
7814,782,291,1
7815,782,590,1
7816,782,597,4
7817,782,649,1
7818,782,690,1
7819,782,949,1
7820,783,133,2
7821,783,135,2
7822,783,177,2
7823,783,238,2
7824,783,264,1
7825,783,286,3
7826,783,472,1
7827,783,626,2
7828,783,786,2
7829,783,894,1
7830,784,100,1
7831,784,103,2
7832,784,151,2
7833,784,218,1
7834,784,265,1
7835,784,342,1
7836,784,441,1
7837,784,704,1
7838,784,795,2
7839,784,856,3
7840,785,70,2
7841,785,332,2
7842,785,375,2
7843,785,413,2
7844,785,626,2
7845,785,794,2
7846,785,909,2
7847,785,912,3
7848,785,936,2
7849,785,982,2
7850,786,77,2
7851,786,119,4
7852,786,198,1
7853,786,274,3
7854,786,298,1
7855,786,314,1
7856,786,404,3
7857,786,478,2
7858,786,492,4
7859,786,600,1
7860,787,27,5
7861,787,274,3
7862,787,388,2
7863,787,558,1
7864,787,649,2
7865,787,650,5
7866,787,786,2
7867,787,823,3
7868,787,853,2
7869,787,948,1
7870,788,245,1
7871,788,307,2
7872,788,381,2
7873,788,454,3
7874,788,479,2
7875,788,618,3
7876,788,648,3
7877,788,743,3
7878,788,844,2
7879,788,909,3
7880,789,5,1
7881,789,117,1
7882,789,351,1
7883,789,417,1
7884,789,474,5
7885,789,798,1
7886,789,799,1
7887,789,880,1
7888,789,959,1
7889,789,976,1
7890,790,25,2
7891,790,166,2
7892,790,242,2
7893,790,519,2
7894,790,585,2
7895,790,656,2
7896,790,867,2
7897,790,868,2
7898,790,901,2
7899,790,966,2
7900,791,49,1
7901,791,124,1
7902,791,125,2
7903,791,147,1
7904,791,219,1
7905,791,348,1
7906,791,372,1
7907,791,375,1
7908,791,682,1
7909,791,860,1
7910,792,83,1
7911,792,217,1
7912,792,250,1
7913,792,412,1
7914,792,563,3
7915,792,577,1
7916,792,611,1
7917,792,756,3
7918,792,841,2
7919,792,924,1
7920,793,212,1
7921,793,307,1
7922,793,375,1
7923,793,496,5
7924,793,506,1
7925,793,566,2
7926,793,569,1
7927,793,602,1
7928,793,787,1
7929,793,809,1
7930,794,63,1
7931,794,159,5
7932,794,169,1
7933,794,224,2
7934,794,491,1
7935,794,503,2
7936,794,512,1
7937,794,609,1
7938,794,801,1
7939,794,857,2
7940,795,36,2
7941,795,49,3
7942,795,170,1
7943,795,325,4
7944,795,496,2
7945,795,528,1
7946,795,568,3
7947,795,574,2
7948,795,648,1
7949,795,840,2
7950,796,10,1
7951,796,30,1
7952,796,137,1
7953,796,398,1
7954,796,497,1
7955,796,589,5
7956,796,691,1
7957,796,757,1
7958,796,921,1
7959,796,923,1
7960,797,51,1
7961,797,63,1
7962,797,96,1
7963,797,222,1
7964,797,482,1
7965,797,665,1
7966,797,675,1
7967,797,827,1
7968,797,916,1
7969,797,955,1
7970,798,517,1
7971,798,545,1
7972,798,549,1
7973,798,550,1
7974,798,625,1
7975,798,859,1
7976,798,886,1
7977,798,914,2
7978,798,919,1
7979,798,977,1
7980,799,99,1
7981,799,115,1
7982,799,134,2
7983,799,136,3
7984,799,274,4
7985,799,316,2
7986,799,331,2
7987,799,388,1
7988,799,411,3
7989,799,772,2
7990,800,25,1
7991,800,107,1
7992,800,315,1
7993,800,320,1
7994,800,341,1
7995,800,570,1
7996,800,580,1
7997,800,637,1
7998,800,657,1
7999,800,954,1
8000,801,49,1
8001,801,260,1
8002,801,326,1
8003,801,330,1
8004,801,356,1
8005,801,398,1
8006,801,611,1
8007,801,734,1
8008,801,877,1
8009,801,881,1
8010,802,65,1
8011,802,293,3
8012,802,315,1
8013,802,415,1
8014,802,463,1
8015,802,724,1
8016,802,801,2
8017,802,846,2
8018,802,947,3
8019,802,998,2
8020,803,49,2
8021,803,74,2
8022,803,163,1
8023,803,216,1
8024,803,387,1
8025,803,517,1
8026,803,739,1
8027,803,784,2
8028,803,868,2
8029,803,880,3
8030,804,142,5
8031,804,189,1
8032,804,297,3
8033,804,319,4
8034,804,406,1
8035,804,554,3
8036,804,707,3
8037,804,771,5
8038,804,799,1
8039,804,943,1
8040,805,81,3
8041,805,87,2
8042,805,113,3
8043,805,176,5
8044,805,259,3
8045,805,544,4
8046,805,565,3
8047,805,574,4
8048,805,765,4
8049,805,940,4
8050,806,70,1
8051,806,151,1
8052,806,153,1
8053,806,154,1
8054,806,219,1
8055,806,534,1
8056,806,633,1
8057,806,845,1
8058,806,955,1
8059,806,962,3
8060,807,63,1
8061,807,148,3
8062,807,193,1
8063,807,572,4
8064,807,594,1
8065,807,851,1
8066,807,954,1
8067,807,959,1
8068,807,967,1
8069,807,996,4
8070,808,104,3
8071,808,137,1
8072,808,163,1
8073,808,297,2
8074,808,348,1
8075,808,409,2
8076,808,492,4
8077,808,740,1
8078,808,777,1
8079,808,876,2
8080,809,128,2
8081,809,437,4
8082,809,475,3
8083,809,584,2
8084,809,645,3
8085,809,667,2
8086,809,686,3
8087,809,720,3
8088,809,829,3
8089,809,855,3
8090,810,103,1
8091,810,155,1
8092,810,197,3
8093,810,497,1
8094,810,596,1
8095,810,655,2
8096,810,709,1
8097,810,804,1
8098,810,817,1
8099,810,936,1
8100,811,149,1
8101,811,192,1
8102,811,193,1
8103,811,204,1
8104,811,222,1
8105,811,224,1
8106,811,451,1
8107,811,535,1
8108,811,959,1
8109,811,995,1
8110,812,117,2
8111,812,139,3
8112,812,196,2
8113,812,258,4
8114,812,353,4
8115,812,741,3
8116,812,755,2
8117,812,760,3
8118,812,775,3
8119,812,979,3
8120,813,44,3
8121,813,59,4
8122,813,140,1
8123,813,192,1
8124,813,349,3
8125,813,388,5
8126,813,606,1
8127,813,771,3
8128,813,979,3
8129,813,980,1
8130,814,3,2
8131,814,22,1
8132,814,222,1
8133,814,331,1
8134,814,513,1
8135,814,551,1
8136,814,558,1
8137,814,753,2
8138,814,925,1
8139,814,958,1
8140,815,325,4
8141,815,336,3
8142,815,392,2
8143,815,407,2
8144,815,421,3
8145,815,649,3
8146,815,711,3
8147,815,713,2
8148,815,752,5
8149,815,970,5
8150,816,84,1
8151,816,203,1
8152,816,318,1
8153,816,530,1
8154,816,605,1
8155,816,660,1
8156,816,697,1
8157,816,753,1
8158,816,807,1
8159,816,895,1
8160,817,253,1
8161,817,280,1
8162,817,295,1
8163,817,623,1
8164,817,805,1
8165,817,814,1
8166,817,907,1
8167,817,922,1
8168,817,958,1
8169,817,999,1
8170,818,156,1
8171,818,235,1
8172,818,252,1
8173,818,420,1
8174,818,423,1
8175,818,480,1
8176,818,862,1
8177,818,869,2
8178,818,902,1
8179,818,969,3
8180,819,2,2
8181,819,14,3
8182,819,58,2
8183,819,66,1
8184,819,296,3
8185,819,466,1
8186,819,669,1
8187,819,736,1
8188,819,766,2
8189,819,860,1
8190,820,146,3
8191,820,297,1
8192,820,336,2
8193,820,565,1
8194,820,587,1
8195,820,648,1
8196,820,727,1
8197,820,777,1
8198,820,802,1
8199,820,905,2
8200,821,14,5
8201,821,29,1
8202,821,56,4
8203,821,114,1
8204,821,211,5
8205,821,415,4
8206,821,598,1
8207,821,753,3
8208,821,899,2
8209,821,915,2
8210,822,40,4
8211,822,188,1
8212,822,214,2
8213,822,311,1
8214,822,363,2
8215,822,447,1
8216,822,497,1
8217,822,669,2
8218,822,766,1
8219,822,824,3
8220,823,113,5
8221,823,188,2
8222,823,223,3
8223,823,423,1
8224,823,442,5
8225,823,481,1
8226,823,672,3
8227,823,675,4
8228,823,947,1
8229,823,953,3
8230,824,167,1
8231,824,258,2
8232,824,331,1
8233,824,402,2
8234,824,428,2
8235,824,473,3
8236,824,580,2
8237,824,592,2
8238,824,702,2
8239,824,745,2
8240,825,247,1
8241,825,326,1
8242,825,406,1
8243,825,463,4
8244,825,578,1
8245,825,645,1
8246,825,781,1
8247,825,864,1
8248,825,977,1
8249,825,981,1
8250,826,38,1
8251,826,39,1
8252,826,228,1
8253,826,376,2
8254,826,402,1
8255,826,522,2
8256,826,599,2
8257,826,662,1
8258,826,675,1
8259,826,861,1
8260,827,199,2
8261,827,214,2
8262,827,301,2
8263,827,436,2
8264,827,440,2
8265,827,476,2
8266,827,529,2
8267,827,584,2
8268,827,618,2
8269,827,619,2
8270,828,107,1
8271,828,254,1
8272,828,317,1
8273,828,379,1
8274,828,410,1
8275,828,619,1
8276,828,667,1
8277,828,720,1
8278,828,774,1
8279,828,795,4
8280,829,69,3
8281,829,75,2
8282,829,131,4
8283,829,145,2
8284,829,495,4
8285,829,567,2
8286,829,618,5
8287,829,778,4
8288,829,809,3
8289,829,842,2
8290,830,44,2
8291,830,136,1
8292,830,297,1
8293,830,320,3
8294,830,321,1
8295,830,423,1
8296,830,477,3
8297,830,574,2
8298,830,886,3
8299,830,893,1
8300,831,57,1
8301,831,138,3
8302,831,478,5
8303,831,489,2
8304,831,596,2
8305,831,640,1
8306,831,670,2
8307,831,680,1
8308,831,825,3
8309,831,866,3
8310,832,37,3
8311,832,102,2
8312,832,387,1
8313,832,452,1
8314,832,504,1
8315,832,577,1
8316,832,675,1
8317,832,713,1
8318,832,793,1
8319,832,922,1
8320,833,82,4
8321,833,87,4
8322,833,106,3
8323,833,123,3
8324,833,249,3
8325,833,265,1
8326,833,349,1
8327,833,383,3
8328,833,475,2
8329,833,872,2
8330,834,35,2
8331,834,101,3
8332,834,238,3
8333,834,369,3
8334,834,454,1
8335,834,539,2
8336,834,561,4
8337,834,567,1
8338,834,587,3
8339,834,945,2
8340,835,28,1
8341,835,462,1
8342,835,492,1
8343,835,518,1
8344,835,522,1
8345,835,607,1
8346,835,685,1
8347,835,756,1
8348,835,762,1
8349,835,902,1
8350,836,102,1
8351,836,189,1
8352,836,255,3
8353,836,361,1
8354,836,493,1
8355,836,778,1
8356,836,890,1
8357,836,913,1
8358,836,932,1
8359,836,951,1
8360,837,24,1
8361,837,47,1
8362,837,357,1
8363,837,375,2
8364,837,610,1
8365,837,763,2
8366,837,830,1
8367,837,913,1
8368,837,961,1
8369,837,962,1
8370,838,318,3
8371,838,458,3
8372,838,623,3
8373,838,639,4
8374,838,735,1
8375,838,779,2
8376,838,844,4
8377,838,868,4
8378,838,880,3
8379,838,922,4
8380,839,160,1
8381,839,215,1
8382,839,216,2
8383,839,233,1
8384,839,441,1
8385,839,452,1
8386,839,459,3
8387,839,524,4
8388,839,822,2
8389,839,963,2
8390,840,11,1
8391,840,28,1
8392,840,206,1
8393,840,446,1
8394,840,478,1
8395,840,719,1
8396,840,761,1
8397,840,765,2
8398,840,824,2
8399,840,850,3
8400,841,108,1
8401,841,171,1
8402,841,365,1
8403,841,401,1
8404,841,547,1
8405,841,563,1
8406,841,651,1
8407,841,723,1
8408,841,761,1
8409,841,973,1
8410,842,36,2
8411,842,402,3
8412,842,444,2
8413,842,597,3
8414,842,749,1
8415,842,786,1
8416,842,834,1
8417,842,873,1
8418,842,881,3
8419,842,893,4
8420,843,121,2
8421,843,258,1
8422,843,289,1
8423,843,358,1
8424,843,420,1
8425,843,509,1
8426,843,514,1
8427,843,543,1
8428,843,567,1
8429,843,912,3
8430,844,104,2
8431,844,162,1
8432,844,203,2
8433,844,204,1
8434,844,208,1
8435,844,234,2
8436,844,539,1
8437,844,579,1
8438,844,657,1
8439,844,685,1
8440,845,183,4
8441,845,221,4
8442,845,322,3
8443,845,593,5
8444,845,614,5
8445,845,672,1
8446,845,692,2
8447,845,725,5
8448,845,870,3
8449,845,946,4
8450,846,165,1
8451,846,212,1
8452,846,350,1
8453,846,414,3
8454,846,484,1
8455,846,485,1
8456,846,529,1
8457,846,561,1
8458,846,813,1
8459,846,996,3
8460,847,68,1
8461,847,109,1
8462,847,137,1
8463,847,356,1
8464,847,447,1
8465,847,606,1
8466,847,709,1
8467,847,718,1
8468,847,814,1
8469,847,892,1
8470,848,347,1
8471,848,501,3
8472,848,528,1
8473,848,579,1
8474,848,616,1
8475,848,786,1
8476,848,820,1
8477,848,867,1
8478,848,913,1
8479,848,942,1
8480,849,250,1
8481,849,486,1
8482,849,508,1
8483,849,538,1
8484,849,656,1
8485,849,685,1
8486,849,719,1
8487,849,778,1
8488,849,868,1
8489,849,883,1
8490,850,21,1
8491,850,112,1
8492,850,218,1
8493,850,392,1
8494,850,608,1
8495,850,769,1
8496,850,810,1
8497,850,839,1
8498,850,904,1
8499,850,973,2
8500,851,73,1
8501,851,154,1
8502,851,253,1
8503,851,483,1
8504,851,590,2
8505,851,657,1
8506,851,756,1
8507,851,773,1
8508,851,796,1
8509,851,872,3
8510,852,31,1
8511,852,307,2
8512,852,317,1
8513,852,326,1
8514,852,398,2
8515,852,528,1
8516,852,539,1
8517,852,626,2
8518,852,654,1
8519,852,800,2
8520,853,139,1
8521,853,412,1
8522,853,455,2
8523,853,562,1
8524,853,687,1
8525,853,731,1
8526,853,822,1
8527,853,898,2
8528,853,904,2
8529,853,996,1
8530,854,97,1
8531,854,128,1
8532,854,222,1
8533,854,611,1
8534,854,746,3
8535,854,753,1
8536,854,871,2
8537,854,873,1
8538,854,903,1
8539,854,989,3
8540,855,135,1
8541,855,361,2
8542,855,402,2
8543,855,477,1
8544,855,533,1
8545,855,538,1
8546,855,558,1
8547,855,711,2
8548,855,724,2
8549,855,979,2
8550,856,325,3
8551,856,649,1
8552,856,793,1
8553,856,794,1
8554,856,811,1
8555,856,815,1
8556,856,818,1
8557,856,912,1
8558,856,943,1
8559,856,958,1
8560,857,122,1
8561,857,213,3
8562,857,284,2
8563,857,285,1
8564,857,318,2
8565,857,475,2
8566,857,574,3
8567,857,612,2
8568,857,826,1
8569,857,888,2
8570,858,13,4
8571,858,209,2
8572,858,274,2
8573,858,700,1
8574,858,702,1
8575,858,794,1
8576,858,823,3
8577,858,941,2
8578,858,976,1
8579,858,986,3
8580,859,90,1
8581,859,129,1
8582,859,141,1
8583,859,168,1
8584,859,628,1
8585,859,651,1
8586,859,661,1
8587,859,849,1
8588,859,915,1
8589,859,970,1
8590,860,260,1
8591,860,271,1
8592,860,437,2
8593,860,487,1
8594,860,557,2
8595,860,657,1
8596,860,691,1
8597,860,821,1
8598,860,828,2
8599,860,950,1
8600,861,100,1
8601,861,104,1
8602,861,286,1
8603,861,287,1
8604,861,426,1
8605,861,594,2
8606,861,681,1
8607,861,720,1
8608,861,838,1
8609,861,965,1
8610,862,350,2
8611,862,359,1
8612,862,508,3
8613,862,522,2
8614,862,665,2
8615,862,798,3
8616,862,857,3
8617,862,869,3
8618,862,876,2
8619,862,934,2
8620,863,202,4
8621,863,281,2
8622,863,437,2
8623,863,464,2
8624,863,504,2
8625,863,667,2
8626,863,797,3
8627,863,897,3
8628,863,951,1
8629,863,984,2
8630,864,2,2
8631,864,14,2
8632,864,42,1
8633,864,143,2
8634,864,304,3
8635,864,502,1
8636,864,667,1
8637,864,791,5
8638,864,889,1
8639,864,978,1
8640,865,223,1
8641,865,289,1
8642,865,345,1
8643,865,475,1
8644,865,537,1
8645,865,649,1
8646,865,663,1
8647,865,693,1
8648,865,784,1
8649,865,891,1
8650,866,238,1
8651,866,310,1
8652,866,449,1
8653,866,552,1
8654,866,586,2
8655,866,588,1
8656,866,675,1
8657,866,875,1
8658,866,932,1
8659,866,996,1
8660,867,12,1
8661,867,109,1
8662,867,177,1
8663,867,426,2
8664,867,459,1
8665,867,572,1
8666,867,825,1
8667,867,842,2
8668,867,864,1
8669,867,881,1
8670,868,4,4
8671,868,198,3
8672,868,250,2
8673,868,289,3
8674,868,303,2
8675,868,413,2
8676,868,490,2
8677,868,674,3
8678,868,734,2
8679,868,881,4
8680,869,138,1
8681,869,214,1
8682,869,247,1
8683,869,248,1
8684,869,261,4
8685,869,327,3
8686,869,338,1
8687,869,456,1
8688,869,460,4
8689,869,574,1
8690,870,122,1
8691,870,176,1
8692,870,447,3
8693,870,547,3
8694,870,680,1
8695,870,761,3
8696,870,869,3
8697,870,874,3
8698,870,893,3
8699,870,987,4
8700,871,52,1
8701,871,57,2
8702,871,117,1
8703,871,222,2
8704,871,247,2
8705,871,284,1
8706,871,500,2
8707,871,523,2
8708,871,645,2
8709,871,844,2
8710,872,47,2
8711,872,95,1
8712,872,265,3
8713,872,454,3
8714,872,505,3
8715,872,637,2
8716,872,680,3
8717,872,800,2
8718,872,810,2
8719,872,827,2
8720,873,45,2
8721,873,50,5
8722,873,271,4
8723,873,613,5
8724,873,674,3
8725,873,689,1
8726,873,692,3
8727,873,805,5
8728,873,837,3
8729,873,871,5
8730,874,41,3
8731,874,144,1
8732,874,161,1
8733,874,216,2
8734,874,499,3
8735,874,640,2
8736,874,641,1
8737,874,819,4
8738,874,874,3
8739,874,943,1
8740,875,127,2
8741,875,247,1
8742,875,421,1
8743,875,431,1
8744,875,507,4
8745,875,688,1
8746,875,699,1
8747,875,727,1
8748,875,966,1
8749,875,971,3
8750,876,158,5
8751,876,333,2
8752,876,469,1
8753,876,637,1
8754,876,748,4
8755,876,780,2
8756,876,784,2
8757,876,798,3
8758,876,872,2
8759,876,937,3
8760,877,1,1
8761,877,87,1
8762,877,605,1
8763,877,720,1
8764,877,811,1
8765,877,834,1
8766,877,860,1
8767,877,881,1
8768,877,893,1
8769,877,904,1
8770,878,61,1
8771,878,262,2
8772,878,268,5
8773,878,444,1
8774,878,603,1
8775,878,650,1
8776,878,826,1
8777,878,854,1
8778,878,917,2
8779,878,984,1
8780,879,100,2
8781,879,133,2
8782,879,233,1
8783,879,305,3
8784,879,390,4
8785,879,477,2
8786,879,538,3
8787,879,550,2
8788,879,552,3
8789,879,771,3
8790,880,71,3
8791,880,127,2
8792,880,415,4
8793,880,457,3
8794,880,609,2
8795,880,619,4
8796,880,671,3
8797,880,745,2
8798,880,755,2
8799,880,795,4
8800,881,17,1
8801,881,54,1
8802,881,313,1
8803,881,459,1
8804,881,495,1
8805,881,593,1
8806,881,753,1
8807,881,871,1
8808,881,951,1
8809,881,985,1
8810,882,6,3
8811,882,174,1
8812,882,195,2
8813,882,407,2
8814,882,413,1
8815,882,630,1
8816,882,753,2
8817,882,768,1
8818,882,892,1
8819,882,976,1
8820,883,22,3
8821,883,73,1
8822,883,136,3
8823,883,253,3
8824,883,617,1
8825,883,692,3
8826,883,792,1
8827,883,799,1
8828,883,907,1
8829,883,981,1
8830,884,9,1
8831,884,149,1
8832,884,164,1
8833,884,225,1
8834,884,485,1
8835,884,573,1
8836,884,678,1
8837,884,927,1
8838,884,947,1
8839,884,970,2
8840,885,46,4
8841,885,339,5
8842,885,340,4
8843,885,440,3
8844,885,441,3
8845,885,521,2
8846,885,753,3
8847,885,802,3
8848,885,820,3
8849,885,914,2
8850,886,8,1
8851,886,289,2
8852,886,294,3
8853,886,431,2
8854,886,477,2
8855,886,527,1
8856,886,556,4
8857,886,559,2
8858,886,592,3
8859,886,685,2
8860,887,115,3
8861,887,150,2
8862,887,177,2
8863,887,373,3
8864,887,438,1
8865,887,682,2
8866,887,697,2
8867,887,699,2
8868,887,752,3
8869,887,925,1
8870,888,10,2
8871,888,262,3
8872,888,274,2
8873,888,304,4
8874,888,403,3
8875,888,496,4
8876,888,535,1
8877,888,698,2
8878,888,715,3
8879,888,999,3
8880,889,21,2
8881,889,23,2
8882,889,319,1
8883,889,408,1
8884,889,498,5
8885,889,565,2
8886,889,662,1
8887,889,707,1
8888,889,743,1
8889,889,886,3
8890,890,145,1
8891,890,169,1
8892,890,241,1
8893,890,305,1
8894,890,384,1
8895,890,509,1
8896,890,559,1
8897,890,664,1
8898,890,901,1
8899,890,903,1
8900,891,14,2
8901,891,80,1
8902,891,90,1
8903,891,162,1
8904,891,189,1
8905,891,368,1
8906,891,546,1
8907,891,744,3
8908,891,780,1
8909,891,853,1
8910,892,97,1
8911,892,284,1
8912,892,330,2
8913,892,431,5
8914,892,482,1
8915,892,484,1
8916,892,660,3
8917,892,675,1
8918,892,966,2
8919,892,980,1
8920,893,20,3
8921,893,78,4
8922,893,166,2
8923,893,260,1
8924,893,330,2
8925,893,357,2
8926,893,530,1
8927,893,640,2
8928,893,664,1
8929,893,781,1
8930,894,291,1
8931,894,314,1
8932,894,407,1
8933,894,492,2
8934,894,497,1
8935,894,591,2
8936,894,704,2
8937,894,714,1
8938,894,775,1
8939,894,785,2
8940,895,43,1
8941,895,102,2
8942,895,105,1
8943,895,175,1
8944,895,563,1
8945,895,606,1
8946,895,659,1
8947,895,770,2
8948,895,800,1
8949,895,887,1
8950,896,62,1
8951,896,99,1
8952,896,273,1
8953,896,336,1
8954,896,536,1
8955,896,710,1
8956,896,743,1
8957,896,806,1
8958,896,929,1
8959,896,974,1
8960,897,106,3
8961,897,188,2
8962,897,220,3
8963,897,279,4
8964,897,299,3
8965,897,359,4
8966,897,506,2
8967,897,544,4
8968,897,817,2
8969,897,987,3
8970,898,33,1
8971,898,45,1
8972,898,88,1
8973,898,173,2
8974,898,261,2
8975,898,281,1
8976,898,297,1
8977,898,408,1
8978,898,510,1
8979,898,901,1
8980,899,28,2
8981,899,484,3
8982,899,486,4
8983,899,499,3
8984,899,547,3
8985,899,596,2
8986,899,607,3
8987,899,770,3
8988,899,824,4
8989,899,927,3
8990,900,142,1
8991,900,244,1
8992,900,310,1
8993,900,451,1
8994,900,545,1
8995,900,799,1
8996,900,836,1
8997,900,846,1
8998,900,853,1
8999,900,876,1
9000,901,321,1
9001,901,531,1
9002,901,580,1
9003,901,610,1
9004,901,625,1
9005,901,745,1
9006,901,752,1
9007,901,770,1
9008,901,799,1
9009,901,830,1
9010,902,83,2
9011,902,117,2
9012,902,130,1
9013,902,164,4
9014,902,231,1
9015,902,285,1
9016,902,408,1
9017,902,472,2
9018,902,556,2
9019,902,987,3
9020,903,55,1
9021,903,188,2
9022,903,190,2
9023,903,224,3
9024,903,240,1
9025,903,388,3
9026,903,456,1
9027,903,608,2
9028,903,785,2
9029,903,859,3
9030,904,180,4
9031,904,197,4
9032,904,432,1
9033,904,462,3
9034,904,468,4
9035,904,635,4
9036,904,727,3
9037,904,899,5
9038,904,929,3
9039,904,941,1
9040,905,25,2
9041,905,296,4
9042,905,366,3
9043,905,372,2
9044,905,412,3
9045,905,502,3
9046,905,526,3
9047,905,533,2
9048,905,836,2
9049,905,909,2
9050,906,41,1
9051,906,234,1
9052,906,390,1
9053,906,411,2
9054,906,451,3
9055,906,501,3
9056,906,508,2
9057,906,888,2
9058,906,910,2
9059,906,954,1
9060,907,119,1
9061,907,134,1
9062,907,211,1
9063,907,223,1
9064,907,534,1
9065,907,667,1
9066,907,785,1
9067,907,895,1
9068,907,966,1
9069,907,976,2
9070,908,156,1
9071,908,259,1
9072,908,355,1
9073,908,377,1
9074,908,493,1
9075,908,521,1
9076,908,587,4
9077,908,793,1
9078,908,822,1
9079,908,891,1
9080,909,142,3
9081,909,172,3
9082,909,200,3
9083,909,267,3
9084,909,440,2
9085,909,538,3
9086,909,644,3
9087,909,821,4
9088,909,825,3
9089,909,935,5
9090,910,223,4
9091,910,277,2
9092,910,278,3
9093,910,289,3
9094,910,519,4
9095,910,687,5
9096,910,697,4
9097,910,698,4
9098,910,762,3
9099,910,903,3
9100,911,136,1
9101,911,308,2
9102,911,563,5
9103,911,570,1
9104,911,575,2
9105,911,732,3
9106,911,743,2
9107,911,902,2
9108,911,909,1
9109,911,931,1
9110,912,41,1
9111,912,144,1
9112,912,180,4
9113,912,286,1
9114,912,308,1
9115,912,318,3
9116,912,358,1
9117,912,409,1
9118,912,416,1
9119,912,607,1
9120,913,58,2
9121,913,61,2
9122,913,239,2
9123,913,337,1
9124,913,498,2
9125,913,629,1
9126,913,717,3
9127,913,725,3
9128,913,825,2
9129,913,836,3
9130,914,154,2
9131,914,503,2
9132,914,514,1
9133,914,557,2
9134,914,561,2
9135,914,604,3
9136,914,693,2
9137,914,702,4
9138,914,798,2
9139,914,886,3
9140,915,7,1
9141,915,364,1
9142,915,414,2
9143,915,534,1
9144,915,629,1
9145,915,698,1
9146,915,712,1
9147,915,799,2
9148,915,855,1
9149,915,882,1
9150,916,23,2
9151,916,53,3
9152,916,358,4
9153,916,437,3
9154,916,597,5
9155,916,599,2
9156,916,908,4
9157,916,924,1
9158,916,961,2
9159,916,971,4
9160,917,18,1
9161,917,102,1
9162,917,244,3
9163,917,548,1
9164,917,564,1
9165,917,582,1
9166,917,789,4
9167,917,815,1
9168,917,829,1
9169,917,892,1
9170,918,20,4
9171,918,22,3
9172,918,42,2
9173,918,323,2
9174,918,373,2
9175,918,435,3
9176,918,670,1
9177,918,685,2
9178,918,828,3
9179,918,878,2
9180,919,90,2
9181,919,240,1
9182,919,542,3
9183,919,672,2
9184,919,716,2
9185,919,743,1
9186,919,836,1
9187,919,910,1
9188,919,925,1
9189,919,947,1
9190,920,2,2
9191,920,22,2
9192,920,52,3
9193,920,89,3
9194,920,182,3
9195,920,552,4
9196,920,601,2
9197,920,651,2
9198,920,780,3
9199,920,880,2
9200,921,49,1
9201,921,113,1
9202,921,247,1
9203,921,660,3
9204,921,701,1
9205,921,740,1
9206,921,835,1
9207,921,968,1
9208,921,973,1
9209,921,989,1
9210,922,30,3
9211,922,72,1
9212,922,371,1
9213,922,427,2
9214,922,573,1
9215,922,613,5
9216,922,636,1
9217,922,709,3
9218,922,808,1
9219,922,828,4
9220,923,262,2
9221,923,274,2
9222,923,326,3
9223,923,355,2
9224,923,582,3
9225,923,615,2
9226,923,776,3
9227,923,787,2
9228,923,900,1
9229,923,902,2
9230,924,13,1
9231,924,48,2
9232,924,269,3
9233,924,346,4
9234,924,411,2
9235,924,533,3
9236,924,561,3
9237,924,594,3
9238,924,683,2
9239,924,766,3
9240,925,70,2
9241,925,245,2
9242,925,260,2
9243,925,299,2
9244,925,312,2
9245,925,582,1
9246,925,697,2
9247,925,738,1
9248,925,929,1
9249,925,948,2
9250,926,4,1
9251,926,235,4
9252,926,269,1
9253,926,270,1
9254,926,383,2
9255,926,417,1
9256,926,428,1
9257,926,592,1
9258,926,706,1
9259,926,963,1
9260,927,16,1
9261,927,131,1
9262,927,274,1
9263,927,297,1
9264,927,355,1
9265,927,543,1
9266,927,560,1
9267,927,618,1
9268,927,643,1
9269,927,728,1
9270,928,94,1
9271,928,249,3
9272,928,290,1
9273,928,354,1
9274,928,467,1
9275,928,547,5
9276,928,619,1
9277,928,759,1
9278,928,803,4
9279,928,901,1
9280,929,265,2
9281,929,331,1
9282,929,345,3
9283,929,398,2
9284,929,412,5
9285,929,445,4
9286,929,695,1
9287,929,708,5
9288,929,816,1
9289,929,839,3
9290,930,41,2
9291,930,112,1
9292,930,322,2
9293,930,499,2
9294,930,503,4
9295,930,589,4
9296,930,706,3
9297,930,795,3
9298,930,847,2
9299,930,882,1
9300,931,49,1
9301,931,102,1
9302,931,240,2
9303,931,325,2
9304,931,353,1
9305,931,409,1
9306,931,498,1
9307,931,584,1
9308,931,630,1
9309,931,810,1
9310,932,47,1
9311,932,146,1
9312,932,153,1
9313,932,188,1
9314,932,193,1
9315,932,228,1
9316,932,307,1
9317,932,634,1
9318,932,698,1
9319,932,726,1
9320,933,195,2
9321,933,200,2
9322,933,312,2
9323,933,435,2
9324,933,436,3
9325,933,524,3
9326,933,530,2
9327,933,717,2
9328,933,766,2
9329,933,945,3
9330,934,90,2
9331,934,122,2
9332,934,155,3
9333,934,509,3
9334,934,608,3
9335,934,619,2
9336,934,636,1
9337,934,870,2
9338,934,958,3
9339,934,972,5
9340,935,325,1
9341,935,467,1
9342,935,500,1
9343,935,714,1
9344,935,837,1
9345,935,878,1
9346,935,888,1
9347,935,906,4
9348,935,964,2
9349,935,984,1
9350,936,53,1
9351,936,60,1
9352,936,275,1
9353,936,336,1
9354,936,511,1
9355,936,547,3
9356,936,596,1
9357,936,602,2
9358,936,941,3
9359,936,977,1
9360,937,68,2
9361,937,155,2
9362,937,169,4
9363,937,179,3
9364,937,233,2
9365,937,404,3
9366,937,440,4
9367,937,618,3
9368,937,691,1
9369,937,893,3
9370,938,26,1
9371,938,83,1
9372,938,138,1
9373,938,509,1
9374,938,693,1
9375,938,733,1
9376,938,807,3
9377,938,840,1
9378,938,875,1
9379,938,989,1
9380,939,156,2
9381,939,347,1
9382,939,397,1
9383,939,431,2
9384,939,471,3
9385,939,474,4
9386,939,489,3
9387,939,711,3
9388,939,818,3
9389,939,857,3
9390,940,39,1
9391,940,102,3
9392,940,210,1
9393,940,267,1
9394,940,412,2
9395,940,443,2
9396,940,518,1
9397,940,554,2
9398,940,564,1
9399,940,587,4
9400,941,329,2
9401,941,335,1
9402,941,441,2
9403,941,476,1
9404,941,553,1
9405,941,571,2
9406,941,700,1
9407,941,877,2
9408,941,897,2
9409,941,909,2
9410,942,111,3
9411,942,127,2
9412,942,236,1
9413,942,268,1
9414,942,382,2
9415,942,487,2
9416,942,713,1
9417,942,734,1
9418,942,773,4
9419,942,839,1
9420,943,381,5
9421,943,518,5
9422,943,556,3
9423,943,671,2
9424,943,683,1
9425,943,708,3
9426,943,753,1
9427,943,787,1
9428,943,844,2
9429,943,886,4
9430,944,51,1
9431,944,76,4
9432,944,99,1
9433,944,342,5
9434,944,414,3
9435,944,495,1
9436,944,656,5
9437,944,720,5
9438,944,927,5
9439,944,994,1
9440,945,58,3
9441,945,134,3
9442,945,179,3
9443,945,305,1
9444,945,420,1
9445,945,582,1
9446,945,648,1
9447,945,905,4
9448,945,947,1
9449,945,950,1
9450,946,182,1
9451,946,242,1
9452,946,463,1
9453,946,481,3
9454,946,672,1
9455,946,725,1
9456,946,781,1
9457,946,841,1
9458,946,962,1
9459,946,966,1
9460,947,68,1
9461,947,138,1
9462,947,195,1
9463,947,222,1
9464,947,330,1
9465,947,396,4
9466,947,425,1
9467,947,455,1
9468,947,457,1
9469,947,543,1
9470,948,86,5
9471,948,226,3
9472,948,240,2
9473,948,285,2
9474,948,312,2
9475,948,548,3
9476,948,584,2
9477,948,585,2
9478,948,656,4
9479,948,798,2
9480,949,2,1
9481,949,149,1
9482,949,268,1
9483,949,349,1
9484,949,351,3
9485,949,418,1
9486,949,640,1
9487,949,792,1
9488,949,932,1
9489,949,945,2
9490,950,8,1
9491,950,150,5
9492,950,257,1
9493,950,463,1
9494,950,464,1
9495,950,566,1
9496,950,585,1
9497,950,592,1
9498,950,761,1
9499,950,772,1
9500,951,345,1
9501,951,375,1
9502,951,385,2
9503,951,387,1
9504,951,491,1
9505,951,493,1
9506,951,602,1
9507,951,621,1
9508,951,910,1
9509,951,959,1
9510,952,177,1
9511,952,186,2
9512,952,404,1
9513,952,620,3
9514,952,652,2
9515,952,725,3
9516,952,735,3
9517,952,855,1
9518,952,935,2
9519,952,965,1
9520,953,7,2
9521,953,61,1
9522,953,160,1
9523,953,187,2
9524,953,193,1
9525,953,345,2
9526,953,702,1
9527,953,951,5
9528,953,956,3
9529,953,993,2
9530,954,144,2
9531,954,158,4
9532,954,259,1
9533,954,496,4
9534,954,549,1
9535,954,555,2
9536,954,621,1
9537,954,633,3
9538,954,852,1
9539,954,999,2
9540,955,117,2
9541,955,267,2
9542,955,395,4
9543,955,413,2
9544,955,616,2
9545,955,792,2
9546,955,838,2
9547,955,888,2
9548,955,964,4
9549,955,977,2
9550,956,101,1
9551,956,234,1
9552,956,270,1
9553,956,419,1
9554,956,484,1
9555,956,520,1
9556,956,629,1
9557,956,665,1
9558,956,776,1
9559,956,917,1
9560,957,17,3
9561,957,27,4
9562,957,92,3
9563,957,168,3
9564,957,312,3
9565,957,330,3
9566,957,351,2
9567,957,451,2
9568,957,468,3
9569,957,853,2
9570,958,30,1
9571,958,90,2
9572,958,135,2
9573,958,150,1
9574,958,377,1
9575,958,420,1
9576,958,453,1
9577,958,818,1
9578,958,924,1
9579,958,975,1
9580,959,88,5
9581,959,256,3
9582,959,294,1
9583,959,458,2
9584,959,571,3
9585,959,832,1
9586,959,879,2
9587,959,908,2
9588,959,923,2
9589,959,970,5
9590,960,282,3
9591,960,396,2
9592,960,402,5
9593,960,446,5
9594,960,471,4
9595,960,491,4
9596,960,634,5
9597,960,723,3
9598,960,792,2
9599,960,826,1
9600,961,67,1
9601,961,136,2
9602,961,227,3
9603,961,442,1
9604,961,480,2
9605,961,531,2
9606,961,534,1
9607,961,624,1
9608,961,824,4
9609,961,848,4
9610,962,111,3
9611,962,116,1
9612,962,139,1
9613,962,150,1
9614,962,198,1
9615,962,504,1
9616,962,775,1
9617,962,811,3
9618,962,858,3
9619,962,894,1
9620,963,7,4
9621,963,64,1
9622,963,118,2
9623,963,129,2
9624,963,598,1
9625,963,749,2
9626,963,858,4
9627,963,869,4
9628,963,956,2
9629,963,976,1
9630,964,148,2
9631,964,175,1
9632,964,446,1
9633,964,568,3
9634,964,586,2
9635,964,613,3
9636,964,675,2
9637,964,716,1
9638,964,933,3
9639,964,953,1
9640,965,7,1
9641,965,113,1
9642,965,183,3
9643,965,241,1
9644,965,259,1
9645,965,418,1
9646,965,682,3
9647,965,817,1
9648,965,870,1
9649,965,903,3
9650,966,320,1
9651,966,404,1
9652,966,542,1
9653,966,551,1
9654,966,576,1
9655,966,602,1
9656,966,627,1
9657,966,803,1
9658,966,805,1
9659,966,985,1
9660,967,50,4
9661,967,122,3
9662,967,153,2
9663,967,185,2
9664,967,187,2
9665,967,511,3
9666,967,576,2
9667,967,669,2
9668,967,807,2
9669,967,927,2
9670,968,181,4
9671,968,220,2
9672,968,244,2
9673,968,457,4
9674,968,524,4
9675,968,735,2
9676,968,791,2
9677,968,841,2
9678,968,845,2
9679,968,996,2
9680,969,12,1
9681,969,35,1
9682,969,196,1
9683,969,213,1
9684,969,421,1
9685,969,572,1
9686,969,786,1
9687,969,806,1
9688,969,870,1
9689,969,909,1
9690,970,84,1
9691,970,223,1
9692,970,400,1
9693,970,480,1
9694,970,569,1
9695,970,615,1
9696,970,704,1
9697,970,743,1
9698,970,904,1
9699,970,943,1
9700,971,23,2
9701,971,106,3
9702,971,113,1
9703,971,202,1
9704,971,353,2
9705,971,430,2
9706,971,732,2
9707,971,748,3
9708,971,874,3
9709,971,985,2
9710,972,39,1
9711,972,55,1
9712,972,145,2
9713,972,204,2
9714,972,252,2
9715,972,326,1
9716,972,479,2
9717,972,730,1
9718,972,740,3
9719,972,992,1
9720,973,43,1
9721,973,99,2
9722,973,144,1
9723,973,333,1
9724,973,493,1
9725,973,614,2
9726,973,651,2
9727,973,652,2
9728,973,663,2
9729,973,988,2
9730,974,39,1
9731,974,70,2
9732,974,87,1
9733,974,130,1
9734,974,164,2
9735,974,270,3
9736,974,597,1
9737,974,802,2
9738,974,918,1
9739,974,935,2
9740,975,138,1
9741,975,338,1
9742,975,357,1
9743,975,374,3
9744,975,429,1
9745,975,522,3
9746,975,584,1
9747,975,762,1
9748,975,928,1
9749,975,956,3
9750,976,95,2
9751,976,156,2
9752,976,178,2
9753,976,187,2
9754,976,216,2
9755,976,219,2
9756,976,384,2
9757,976,398,2
9758,976,913,2
9759,976,963,2
9760,977,35,2
9761,977,80,2
9762,977,150,1
9763,977,214,2
9764,977,345,1
9765,977,382,1
9766,977,554,2
9767,977,830,1
9768,977,845,1
9769,977,928,1
9770,978,10,3
9771,978,218,3
9772,978,307,3
9773,978,313,2
9774,978,398,2
9775,978,420,3
9776,978,618,3
9777,978,767,4
9778,978,775,2
9779,978,958,2
9780,979,59,1
9781,979,66,2
9782,979,99,2
9783,979,106,3
9784,979,198,1
9785,979,273,1
9786,979,465,1
9787,979,547,1
9788,979,776,1
9789,979,981,1
9790,980,210,1
9791,980,282,1
9792,980,285,1
9793,980,380,1
9794,980,394,1
9795,980,430,1
9796,980,539,1
9797,980,720,1
9798,980,763,3
9799,980,925,1
9800,981,47,2
9801,981,141,1
9802,981,168,2
9803,981,352,1
9804,981,456,1
9805,981,606,2
9806,981,818,2
9807,981,870,2
9808,981,903,2
9809,981,967,2
9810,982,71,1
9811,982,257,1
9812,982,356,1
9813,982,414,1
9814,982,430,1
9815,982,650,1
9816,982,716,1
9817,982,751,1
9818,982,941,1
9819,982,983,1
9820,983,17,2
9821,983,134,3
9822,983,253,2
9823,983,411,3
9824,983,581,2
9825,983,639,4
9826,983,659,2
9827,983,763,3
9828,983,946,3
9829,983,992,2
9830,984,81,1
9831,984,91,1
9832,984,265,1
9833,984,340,1
9834,984,479,1
9835,984,612,1
9836,984,802,1
9837,984,843,1
9838,984,868,1
9839,984,902,1
9840,985,134,3
9841,985,140,2
9842,985,163,1
9843,985,206,2
9844,985,236,1
9845,985,297,1
9846,985,414,3
9847,985,565,4
9848,985,606,2
9849,985,669,1
9850,986,4,2
9851,986,227,2
9852,986,269,3
9853,986,488,2
9854,986,491,2
9855,986,508,4
9856,986,823,3
9857,986,834,3
9858,986,885,3
9859,986,944,2
9860,987,38,1
9861,987,98,1
9862,987,99,1
9863,987,249,1
9864,987,304,1
9865,987,376,1
9866,987,478,1
9867,987,804,1
9868,987,807,1
9869,987,900,1
9870,988,129,1
9871,988,209,2
9872,988,385,1
9873,988,419,2
9874,988,466,2
9875,988,671,3
9876,988,693,1
9877,988,787,2
9878,988,843,2
9879,988,988,2
9880,989,12,2
9881,989,34,2
9882,989,240,1
9883,989,321,1
9884,989,394,5
9885,989,408,3
9886,989,455,1
9887,989,710,2
9888,989,735,1
9889,989,943,1
9890,990,168,1
9891,990,187,5
9892,990,312,1
9893,990,502,1
9894,990,630,1
9895,990,742,2
9896,990,763,1
9897,990,780,1
9898,990,812,3
9899,990,906,1
9900,991,52,1
9901,991,131,3
9902,991,206,1
9903,991,277,2
9904,991,474,2
9905,991,804,1
9906,991,813,1
9907,991,863,1
9908,991,928,1
9909,991,968,1
9910,992,3,1
9911,992,33,1
9912,992,39,2
9913,992,285,1
9914,992,314,1
9915,992,533,1
9916,992,663,1
9917,992,927,2
9918,992,952,1
9919,992,995,1
9920,993,35,1
9921,993,67,2
9922,993,147,1
9923,993,221,1
9924,993,430,1
9925,993,616,2
9926,993,886,1
9927,993,965,1
9928,993,983,2
9929,993,988,3
9930,994,86,2
9931,994,167,1
9932,994,175,1
9933,994,352,1
9934,994,510,1
9935,994,553,1
9936,994,655,1
9937,994,667,1
9938,994,757,1
9939,994,781,1
9940,995,30,2
9941,995,52,1
9942,995,155,3
9943,995,294,1
9944,995,386,1
9945,995,466,2
9946,995,580,4
9947,995,750,4
9948,995,850,3
9949,995,996,5
9950,996,12,2
9951,996,34,1
9952,996,145,3
9953,996,151,2
9954,996,394,1
9955,996,530,2
9956,996,622,1
9957,996,653,1
9958,996,814,1
9959,996,901,1
9960,997,96,5
9961,997,98,2
9962,997,213,5
9963,997,223,1
9964,997,304,5
9965,997,558,1
9966,997,632,5
9967,997,693,2
9968,997,898,3
9969,997,930,1
9970,998,1,1
9971,998,13,1
9972,998,69,1
9973,998,75,1
9974,998,134,1
9975,998,432,1
9976,998,539,1
9977,998,592,1
9978,998,614,1
9979,998,745,1
9980,999,34,1
9981,999,76,1
9982,999,485,2
9983,999,551,2
9984,999,579,1
9985,999,643,1
9986,999,654,1
9987,999,753,1
9988,999,978,1
9989,999,986,1
9990,1000,11,1
9991,1000,138,1
9992,1000,194,2
9993,1000,358,1
9994,1000,592,1
9995,1000,604,2
9996,1000,610,1
9997,1000,653,1
9998,1000,790,1
9999,1000,818,4
10000,1001,27,3
10001,1001,244,2
10002,1001,249,1
10003,1001,372,4
10004,1001,428,1
10005,1001,544,1
10006,1001,545,1
10007,1001,645,1
10008,1001,734,3
10009,1001,882,1
10010,1002,126,1
10011,1002,190,1
10012,1002,325,1
10013,1002,335,1
10014,1002,358,1
10015,1002,654,1
10016,1002,838,1
10017,1002,857,1
10018,1002,869,1
10019,1002,996,1
10020,1003,48,1
10021,1003,140,1
10022,1003,157,1
10023,1003,206,1
10024,1003,212,1
10025,1003,513,1
10026,1003,758,1
10027,1003,810,1
10028,1003,882,1
10029,1003,952,1
10030,1004,86,1
10031,1004,179,4
10032,1004,247,1
10033,1004,318,1
10034,1004,461,1
10035,1004,636,1
10036,1004,648,1
10037,1004,653,1
10038,1004,805,1
10039,1004,971,1
10040,1005,123,4
10041,1005,142,4
10042,1005,198,3
10043,1005,462,3
10044,1005,469,2
10045,1005,530,3
10046,1005,669,4
10047,1005,763,2
10048,1005,785,3
10049,1005,972,3
10050,1006,205,3
10051,1006,230,4
10052,1006,310,2
10053,1006,367,4
10054,1006,628,1
10055,1006,637,3
10056,1006,688,5
10057,1006,942,2
10058,1006,950,5
10059,1006,983,3
10060,1007,39,1
10061,1007,73,2
10062,1007,168,4
10063,1007,282,1
10064,1007,428,1
10065,1007,505,1
10066,1007,542,1
10067,1007,547,2
10068,1007,579,1
10069,1007,727,1
10070,1008,92,1
10071,1008,164,1
10072,1008,249,4
10073,1008,308,1
10074,1008,568,1
10075,1008,702,1
10076,1008,770,1
10077,1008,868,2
10078,1008,910,1
10079,1008,972,3
10080,1009,104,3
10081,1009,152,3
10082,1009,214,1
10083,1009,228,1
10084,1009,260,1
10085,1009,536,1
10086,1009,581,1
10087,1009,586,1
10088,1009,795,3
10089,1009,819,1
10090,1010,70,4
10091,1010,202,1
10092,1010,472,4
10093,1010,582,1
10094,1010,654,1
10095,1010,734,1
10096,1010,812,1
10097,1010,836,1
10098,1010,857,4
10099,1010,954,3
10100,1011,68,1
10101,1011,104,3
10102,1011,228,3
10103,1011,241,3
10104,1011,387,4
10105,1011,533,3
10106,1011,588,4
10107,1011,755,4
10108,1011,780,3
10109,1011,859,3
10110,1012,34,1
10111,1012,83,1
10112,1012,268,1
10113,1012,311,2
10114,1012,422,1
10115,1012,501,1
10116,1012,571,3
10117,1012,620,1
10118,1012,735,1
10119,1012,784,1
10120,1013,214,1
10121,1013,220,1
10122,1013,376,2
10123,1013,561,1
10124,1013,672,2
10125,1013,798,2
10126,1013,882,3
10127,1013,944,2
10128,1013,973,2
10129,1013,992,3
10130,1014,160,1
10131,1014,237,2
10132,1014,311,1
10133,1014,442,2
10134,1014,467,4
10135,1014,641,1
10136,1014,673,2
10137,1014,675,3
10138,1014,678,1
10139,1014,915,3
10140,1015,9,3
10141,1015,99,4
10142,1015,103,1
10143,1015,172,2
10144,1015,222,3
10145,1015,229,3
10146,1015,510,1
10147,1015,601,2
10148,1015,727,1
10149,1015,907,3
10150,1016,9,2
10151,1016,70,5
10152,1016,282,3
10153,1016,349,1
10154,1016,604,2
10155,1016,608,1
10156,1016,668,3
10157,1016,751,1
10158,1016,958,4
10159,1016,998,3
10160,1017,80,1
10161,1017,106,1
10162,1017,136,1
10163,1017,169,1
10164,1017,171,1
10165,1017,375,1
10166,1017,599,1
10167,1017,733,1
10168,1017,761,1
10169,1017,838,1
10170,1018,31,2
10171,1018,266,2
10172,1018,288,1
10173,1018,390,4
10174,1018,498,3
10175,1018,566,1
10176,1018,598,2
10177,1018,697,2
10178,1018,700,2
10179,1018,981,1
10180,1019,126,2
10181,1019,165,3
10182,1019,209,3
10183,1019,214,2
10184,1019,366,2
10185,1019,382,4
10186,1019,620,1
10187,1019,648,1
10188,1019,701,2
10189,1019,803,3
10190,1020,32,1
10191,1020,60,1
10192,1020,81,1
10193,1020,199,1
10194,1020,271,1
10195,1020,467,1
10196,1020,531,1
10197,1020,743,1
10198,1020,807,1
10199,1020,957,1
10200,1021,132,1
10201,1021,334,1
10202,1021,405,1
10203,1021,472,1
10204,1021,577,1
10205,1021,632,2
10206,1021,660,1
10207,1021,661,2
10208,1021,752,2
10209,1021,889,1
10210,1022,15,2
10211,1022,128,3
10212,1022,200,3
10213,1022,522,1
10214,1022,653,2
10215,1022,661,3
10216,1022,678,3
10217,1022,712,3
10218,1022,800,3
10219,1022,924,2
10220,1023,39,2
10221,1023,81,3
10222,1023,172,1
10223,1023,390,2
10224,1023,395,4
10225,1023,475,2
10226,1023,596,2
10227,1023,671,4
10228,1023,916,1
10229,1023,956,4
10230,1024,33,4
10231,1024,108,1
10232,1024,111,4
10233,1024,233,1
10234,1024,309,1
10235,1024,468,3
10236,1024,482,5
10237,1024,536,1
10238,1024,622,2
10239,1024,899,4
10240,1025,185,3
10241,1025,363,1
10242,1025,493,1
10243,1025,494,2
10244,1025,524,2
10245,1025,541,1
10246,1025,573,3
10247,1025,628,1
10248,1025,641,2
10249,1025,796,1
10250,1026,97,1
10251,1026,154,1
10252,1026,168,1
10253,1026,257,1
10254,1026,350,1
10255,1026,374,1
10256,1026,439,1
10257,1026,467,1
10258,1026,551,1
10259,1026,884,1
10260,1027,104,1
10261,1027,163,1
10262,1027,224,1
10263,1027,309,1
10264,1027,504,3
10265,1027,527,1
10266,1027,528,1
10267,1027,827,1
10268,1027,952,1
10269,1027,954,1
10270,1028,85,2
10271,1028,233,4
10272,1028,239,5
10273,1028,247,2
10274,1028,397,1
10275,1028,449,3
10276,1028,566,1
10277,1028,763,2
10278,1028,770,3
10279,1028,778,3
10280,1029,21,2
10281,1029,34,1
10282,1029,35,1
10283,1029,259,1
10284,1029,262,1
10285,1029,490,5
10286,1029,510,2
10287,1029,748,1
10288,1029,861,1
10289,1029,904,1
10290,1030,53,1
10291,1030,121,1
10292,1030,213,1
10293,1030,245,1
10294,1030,273,1
10295,1030,559,1
10296,1030,589,1
10297,1030,611,1
10298,1030,645,1
10299,1030,997,1
10300,1031,71,1
10301,1031,249,1
10302,1031,277,2
10303,1031,311,3
10304,1031,383,2
10305,1031,436,2
10306,1031,472,1
10307,1031,565,3
10308,1031,619,1
10309,1031,726,2
10310,1032,5,1
10311,1032,75,1
10312,1032,270,3
10313,1032,301,1
10314,1032,390,3
10315,1032,454,1
10316,1032,604,2
10317,1032,608,1
10318,1032,807,3
10319,1032,903,2
10320,1033,122,1
10321,1033,129,3
10322,1033,296,2
10323,1033,358,1
10324,1033,389,1
10325,1033,417,1
10326,1033,468,2
10327,1033,570,1
10328,1033,740,2
10329,1033,846,3
10330,1034,130,3
10331,1034,161,2
10332,1034,207,1
10333,1034,273,3
10334,1034,274,3
10335,1034,363,2
10336,1034,426,3
10337,1034,642,3
10338,1034,647,3
10339,1034,819,4
10340,1035,175,2
10341,1035,184,2
10342,1035,308,4
10343,1035,557,4
10344,1035,586,2
10345,1035,725,3
10346,1035,920,1
10347,1035,931,3
10348,1035,954,5
10349,1035,959,3
10350,1036,223,1
10351,1036,254,1
10352,1036,302,1
10353,1036,350,3
10354,1036,357,1
10355,1036,438,1
10356,1036,538,3
10357,1036,567,1
10358,1036,737,1
10359,1036,903,3
10360,1037,35,5
10361,1037,62,2
10362,1037,66,3
10363,1037,153,4
10364,1037,308,2
10365,1037,322,3
10366,1037,354,3
10367,1037,456,3
10368,1037,688,2
10369,1037,997,3
10370,1038,39,1
10371,1038,68,2
10372,1038,92,2
10373,1038,227,1
10374,1038,308,1
10375,1038,426,1
10376,1038,546,1
10377,1038,728,2
10378,1038,901,4
10379,1038,999,2
10380,1039,65,1
10381,1039,242,1
10382,1039,278,2
10383,1039,288,2
10384,1039,310,1
10385,1039,319,3
10386,1039,443,1
10387,1039,571,1
10388,1039,573,3
10389,1039,948,1
10390,1040,146,1
10391,1040,283,1
10392,1040,302,1
10393,1040,491,1
10394,1040,603,1
10395,1040,705,1
10396,1040,740,1
10397,1040,832,2
10398,1040,879,2
10399,1040,884,1
10400,1041,216,2
10401,1041,293,3
10402,1041,429,3
10403,1041,545,1
10404,1041,622,4
10405,1041,678,2
10406,1041,750,2
10407,1041,763,4
10408,1041,813,4
10409,1041,885,5
10410,1042,15,1
10411,1042,64,1
10412,1042,204,1
10413,1042,207,1
10414,1042,444,1
10415,1042,600,2
10416,1042,728,2
10417,1042,755,1
10418,1042,940,1
10419,1042,973,1
10420,1043,152,1
10421,1043,211,1
10422,1043,236,1
10423,1043,326,1
10424,1043,411,2
10425,1043,530,2
10426,1043,544,3
10427,1043,564,1
10428,1043,793,3
10429,1043,832,2
10430,1044,14,4
10431,1044,279,4
10432,1044,366,2
10433,1044,368,2
10434,1044,385,2
10435,1044,392,4
10436,1044,476,2
10437,1044,497,2
10438,1044,884,4
10439,1044,952,2
10440,1045,159,1
10441,1045,181,1
10442,1045,234,1
10443,1045,381,1
10444,1045,469,3
10445,1045,567,1
10446,1045,598,1
10447,1045,653,1
10448,1045,718,1
10449,1045,841,1
10450,1046,16,1
10451,1046,263,2
10452,1046,297,2
10453,1046,467,2
10454,1046,640,3
10455,1046,645,2
10456,1046,682,2
10457,1046,910,1
10458,1046,916,1
10459,1046,920,3
10460,1047,83,3
10461,1047,90,1
10462,1047,334,1
10463,1047,382,1
10464,1047,457,1
10465,1047,604,1
10466,1047,717,1
10467,1047,733,1
10468,1047,830,3
10469,1047,901,1
10470,1048,114,2
10471,1048,160,2
10472,1048,264,2
10473,1048,307,2
10474,1048,329,2
10475,1048,412,2
10476,1048,498,2
10477,1048,615,2
10478,1048,872,2
10479,1048,989,2
10480,1049,119,2
10481,1049,163,1
10482,1049,180,1
10483,1049,434,2
10484,1049,486,1
10485,1049,617,1
10486,1049,664,1
10487,1049,752,1
10488,1049,763,1
10489,1049,971,1
10490,1050,70,3
10491,1050,151,2
10492,1050,236,3
10493,1050,508,3
10494,1050,547,4
10495,1050,634,3
10496,1050,819,4
10497,1050,835,3
10498,1050,870,2
10499,1050,902,3
10500,1051,16,1
10501,1051,145,1
10502,1051,202,1
10503,1051,326,1
10504,1051,663,1
10505,1051,728,1
10506,1051,749,1
10507,1051,872,1
10508,1051,931,1
10509,1051,951,1
10510,1052,51,3
10511,1052,77,1
10512,1052,221,1
10513,1052,240,1
10514,1052,400,1
10515,1052,564,1
10516,1052,655,3
10517,1052,763,3
10518,1052,788,2
10519,1052,908,2
10520,1053,114,1
10521,1053,237,4
10522,1053,263,4
10523,1053,270,4
10524,1053,366,3
10525,1053,371,1
10526,1053,593,2
10527,1053,609,1
10528,1053,825,2
10529,1053,880,4
10530,1054,87,2
10531,1054,108,5
10532,1054,111,3
10533,1054,224,4
10534,1054,250,3
10535,1054,579,3
10536,1054,686,2
10537,1054,792,3
10538,1054,981,2
10539,1054,996,5
10540,1055,263,1
10541,1055,276,1
10542,1055,358,1
10543,1055,480,1
10544,1055,505,1
10545,1055,517,1
10546,1055,540,1
10547,1055,631,1
10548,1055,708,1
10549,1055,924,1
10550,1056,54,1
10551,1056,243,3
10552,1056,272,1
10553,1056,482,5
10554,1056,584,1
10555,1056,615,1
10556,1056,726,4
10557,1056,752,1
10558,1056,964,1
10559,1056,966,1
10560,1057,49,1
10561,1057,244,1
10562,1057,440,1
10563,1057,464,1
10564,1057,507,1
10565,1057,564,1
10566,1057,567,1
10567,1057,585,1
10568,1057,778,1
10569,1057,834,1
10570,1058,35,3
10571,1058,287,3
10572,1058,338,1
10573,1058,381,1
10574,1058,403,1
10575,1058,423,1
10576,1058,779,1
10577,1058,860,2
10578,1058,915,1
10579,1058,968,1
10580,1059,134,3
10581,1059,205,3
10582,1059,358,1
10583,1059,387,3
10584,1059,405,3
10585,1059,477,2
10586,1059,526,1
10587,1059,563,2
10588,1059,792,4
10589,1059,863,1
10590,1060,99,2
10591,1060,129,1
10592,1060,134,4
10593,1060,218,2
10594,1060,320,3
10595,1060,408,4
10596,1060,505,1
10597,1060,559,1
10598,1060,930,1
10599,1060,963,2
10600,1061,22,3
10601,1061,72,2
10602,1061,74,3
10603,1061,169,3
10604,1061,277,1
10605,1061,362,1
10606,1061,519,4
10607,1061,575,3
10608,1061,717,3
10609,1061,819,4
10610,1062,216,1
10611,1062,239,1
10612,1062,306,1
10613,1062,402,1
10614,1062,434,3
10615,1062,601,4
10616,1062,612,3
10617,1062,732,1
10618,1062,737,1
10619,1062,928,1
10620,1063,114,1
10621,1063,223,1
10622,1063,236,1
10623,1063,268,1
10624,1063,291,2
10625,1063,475,1
10626,1063,478,1
10627,1063,762,1
10628,1063,874,1
10629,1063,994,1
10630,1064,24,3
10631,1064,87,2
10632,1064,157,1
10633,1064,164,3
10634,1064,521,3
10635,1064,567,3
10636,1064,673,3
10637,1064,800,3
10638,1064,928,4
10639,1064,945,4
10640,1065,13,2
10641,1065,52,1
10642,1065,59,1
10643,1065,227,1
10644,1065,277,1
10645,1065,491,1
10646,1065,620,1
10647,1065,854,1
10648,1065,895,1
10649,1065,915,2
10650,1066,58,1
10651,1066,285,2
10652,1066,304,3
10653,1066,378,1
10654,1066,385,1
10655,1066,420,1
10656,1066,500,1
10657,1066,877,2
10658,1066,920,3
10659,1066,974,3
10660,1067,40,1
10661,1067,141,2
10662,1067,203,3
10663,1067,253,1
10664,1067,286,2
10665,1067,522,2
10666,1067,681,3
10667,1067,818,1
10668,1067,825,1
10669,1067,913,1
10670,1068,40,2
10671,1068,56,2
10672,1068,159,3
10673,1068,263,2
10674,1068,289,3
10675,1068,480,3
10676,1068,659,2
10677,1068,868,4
10678,1068,882,2
10679,1068,945,4
10680,1069,74,1
10681,1069,83,1
10682,1069,212,1
10683,1069,240,1
10684,1069,244,1
10685,1069,330,1
10686,1069,341,1
10687,1069,692,1
10688,1069,765,1
10689,1069,832,1
10690,1070,17,2
10691,1070,232,1
10692,1070,293,3
10693,1070,388,1
10694,1070,453,1
10695,1070,466,2
10696,1070,589,2
10697,1070,671,3
10698,1070,715,3
10699,1070,781,1
10700,1071,3,4
10701,1071,49,3
10702,1071,79,2
10703,1071,95,1
10704,1071,103,2
10705,1071,202,2
10706,1071,523,1
10707,1071,605,1
10708,1071,842,2
10709,1071,991,3
10710,1072,27,4
10711,1072,98,3
10712,1072,110,3
10713,1072,242,3
10714,1072,288,3
10715,1072,764,3
10716,1072,822,4
10717,1072,830,3
10718,1072,880,3
10719,1072,994,3
10720,1073,196,5
10721,1073,280,3
10722,1073,297,1
10723,1073,456,2
10724,1073,545,1
10725,1073,599,2
10726,1073,621,1
10727,1073,684,2
10728,1073,873,2
10729,1073,915,1
10730,1074,81,1
10731,1074,373,1
10732,1074,472,2
10733,1074,602,1
10734,1074,651,2
10735,1074,725,2
10736,1074,755,1
10737,1074,811,1
10738,1074,899,1
10739,1074,915,2
10740,1075,56,1
10741,1075,90,1
10742,1075,176,3
10743,1075,179,1
10744,1075,202,1
10745,1075,380,1
10746,1075,439,5
10747,1075,501,5
10748,1075,861,1
10749,1075,899,2
10750,1076,62,4
10751,1076,106,1
10752,1076,112,3
10753,1076,159,2
10754,1076,225,3
10755,1076,637,2
10756,1076,810,1
10757,1076,898,3
10758,1076,931,2
10759,1076,934,2
10760,1077,13,1
10761,1077,54,2
10762,1077,109,1
10763,1077,350,2
10764,1077,446,1
10765,1077,450,1
10766,1077,461,1
10767,1077,571,2
10768,1077,816,1
10769,1077,893,1
10770,1078,20,4
10771,1078,67,2
10772,1078,110,2
10773,1078,255,2
10774,1078,456,1
10775,1078,511,3
10776,1078,532,1
10777,1078,566,1
10778,1078,689,2
10779,1078,773,4
10780,1079,21,1
10781,1079,138,1
10782,1079,213,1
10783,1079,318,1
10784,1079,439,1
10785,1079,495,1
10786,1079,837,1
10787,1079,932,1
10788,1079,961,1
10789,1079,986,1
10790,1080,149,1
10791,1080,237,5
10792,1080,278,4
10793,1080,288,4
10794,1080,291,1
10795,1080,656,5
10796,1080,802,2
10797,1080,812,2
10798,1080,884,5
10799,1080,904,5
